[2026-01-15 16:21:20] production.ERROR: SQLSTATE[HY000] [2002] å¥—æŽ¥å­—æ“ä½œå°è¯•ä¸€ä¸ªæ— æ³•è¿žæŽ¥çš„ä¸»æœºã€‚ (SQL: select * from `admins` where `id` = 1 limit 1) {"exception":"[object] (Illuminate\\Database\\QueryException(code: 2002): SQLSTATE[HY000] [2002] å¥—æŽ¥å­—æ“ä½œå°è¯•ä¸€ä¸ªæ— æ³•è¿žæŽ¥çš„ä¸»æœºã€‚ (SQL: select * from `admins` where `id` = 1 limit 1) at D:\\my-code\\kehu-web\\shop_mall\\backend\\vendor\\illuminate\\database\\Connection.php:712)
[stacktrace]
#0 D:\\my-code\\kehu-web\\shop_mall\\backend\\vendor\\illuminate\\database\\Connection.php(672): Illuminate\\Database\\Connection->runQueryCallback()
#1 D:\\my-code\\kehu-web\\shop_mall\\backend\\vendor\\illuminate\\database\\Connection.php(359): Illuminate\\Database\\Connection->run()
#2 D:\\my-code\\kehu-web\\shop_mall\\backend\\vendor\\illuminate\\database\\Query\\Builder.php(2413): Illuminate\\Database\\Connection->select()
#3 D:\\my-code\\kehu-web\\shop_mall\\backend\\vendor\\illuminate\\database\\Query\\Builder.php(2402): Illuminate\\Database\\Query\\Builder->runSelect()
#4 D:\\my-code\\kehu-web\\shop_mall\\backend\\vendor\\illuminate\\database\\Query\\Builder.php(2936): Illuminate\\Database\\Query\\Builder->Illuminate\\Database\\Query\\{closure}()
#5 D:\\my-code\\kehu-web\\shop_mall\\backend\\vendor\\illuminate\\database\\Query\\Builder.php(2401): Illuminate\\Database\\Query\\Builder->onceWithColumns()
#6 D:\\my-code\\kehu-web\\shop_mall\\backend\\vendor\\illuminate\\database\\Eloquent\\Builder.php(625): Illuminate\\Database\\Query\\Builder->get()
#7 D:\\my-code\\kehu-web\\shop_mall\\backend\\vendor\\illuminate\\database\\Eloquent\\Builder.php(609): Illuminate\\Database\\Eloquent\\Builder->getModels()
#8 D:\\my-code\\kehu-web\\shop_mall\\backend\\vendor\\illuminate\\database\\Concerns\\BuildsQueries.php(294): Illuminate\\Database\\Eloquent\\Builder->get()
#9 D:\\my-code\\kehu-web\\shop_mall\\backend\\vendor\\illuminate\\auth\\EloquentUserProvider.php(53): Illuminate\\Database\\Eloquent\\Builder->first()
#10 D:\\my-code\\kehu-web\\shop_mall\\backend\\vendor\\tymon\\jwt-auth\\src\\JWTGuard.php(81): Illuminate\\Auth\\EloquentUserProvider->retrieveById()
#11 D:\\my-code\\kehu-web\\shop_mall\\backend\\vendor\\illuminate\\auth\\GuardHelpers.php(60): Tymon\\JWTAuth\\JWTGuard->user()
#12 D:\\my-code\\kehu-web\\shop_mall\\backend\\vendor\\illuminate\\auth\\GuardHelpers.php(70): Tymon\\JWTAuth\\JWTGuard->check()
#13 D:\\my-code\\kehu-web\\shop_mall\\backend\\app\\Http\\Middleware\\AdminAuthenticate.php(19): Tymon\\JWTAuth\\JWTGuard->guest()
#14 D:\\my-code\\kehu-web\\shop_mall\\backend\\vendor\\illuminate\\pipeline\\Pipeline.php(167): App\\Http\\Middleware\\AdminAuthenticate->handle()
#15 D:\\my-code\\kehu-web\\shop_mall\\backend\\vendor\\laravel\\lumen-framework\\src\\Routing\\Pipeline.php(30): Illuminate\\Pipeline\\Pipeline->Illuminate\\Pipeline\\{closure}()
#16 D:\\my-code\\kehu-web\\shop_mall\\backend\\vendor\\illuminate\\pipeline\\Pipeline.php(103): Laravel\\Lumen\\Routing\\Pipeline->Laravel\\Lumen\\Routing\\{closure}()
#17 D:\\my-code\\kehu-web\\shop_mall\\backend\\vendor\\laravel\\lumen-framework\\src\\Concerns\\RoutesRequests.php(426): Illuminate\\Pipeline\\Pipeline->then()
#18 D:\\my-code\\kehu-web\\shop_mall\\backend\\vendor\\laravel\\lumen-framework\\src\\Concerns\\RoutesRequests.php(261): Laravel\\Lumen\\Application->sendThroughPipeline()
#19 D:\\my-code\\kehu-web\\shop_mall\\backend\\vendor\\laravel\\lumen-framework\\src\\Concerns\\RoutesRequests.php(169): Laravel\\Lumen\\Application->handleFoundRoute()
#20 D:\\my-code\\kehu-web\\shop_mall\\backend\\vendor\\laravel\\lumen-framework\\src\\Routing\\Pipeline.php(48): Laravel\\Lumen\\Application->Laravel\\Lumen\\Concerns\\{closure}()
#21 D:\\my-code\\kehu-web\\shop_mall\\backend\\app\\Http\\Middleware\\CorsMiddleware.php(30): Laravel\\Lumen\\Routing\\Pipeline->Laravel\\Lumen\\Routing\\{closure}()
#22 D:\\my-code\\kehu-web\\shop_mall\\backend\\vendor\\illuminate\\pipeline\\Pipeline.php(167): App\\Http\\Middleware\\CorsMiddleware->handle()
#23 D:\\my-code\\kehu-web\\shop_mall\\backend\\vendor\\laravel\\lumen-framework\\src\\Routing\\Pipeline.php(30): Illuminate\\Pipeline\\Pipeline->Illuminate\\Pipeline\\{closure}()
#24 D:\\my-code\\kehu-web\\shop_mall\\backend\\vendor\\illuminate\\pipeline\\Pipeline.php(103): Laravel\\Lumen\\Routing\\Pipeline->Laravel\\Lumen\\Routing\\{closure}()
#25 D:\\my-code\\kehu-web\\shop_mall\\backend\\vendor\\laravel\\lumen-framework\\src\\Concerns\\RoutesRequests.php(426): Illuminate\\Pipeline\\Pipeline->then()
#26 D:\\my-code\\kehu-web\\shop_mall\\backend\\vendor\\laravel\\lumen-framework\\src\\Concerns\\RoutesRequests.php(165): Laravel\\Lumen\\Application->sendThroughPipeline()
#27 D:\\my-code\\kehu-web\\shop_mall\\backend\\vendor\\laravel\\lumen-framework\\src\\Concerns\\RoutesRequests.php(112): Laravel\\Lumen\\Application->dispatch()
#28 D:\\my-code\\kehu-web\\shop_mall\\backend\\public\\index.php(17): Laravel\\Lumen\\Application->run()
#29 {main}

[previous exception] [object] (PDOException(code: 2002): SQLSTATE[HY000] [2002] å¥—æŽ¥å­—æ“ä½œå°è¯•ä¸€ä¸ªæ— æ³•è¿žæŽ¥çš„ä¸»æœºã€‚ at D:\\my-code\\kehu-web\\shop_mall\\backend\\vendor\\illuminate\\database\\Connectors\\Connector.php:70)
[stacktrace]
#0 D:\\my-code\\kehu-web\\shop_mall\\backend\\vendor\\illuminate\\database\\Connectors\\Connector.php(70): PDO->__construct()
#1 D:\\my-code\\kehu-web\\shop_mall\\backend\\vendor\\illuminate\\database\\Connectors\\Connector.php(45): Illuminate\\Database\\Connectors\\Connector->createPdoConnection()
#2 D:\\my-code\\kehu-web\\shop_mall\\backend\\vendor\\illuminate\\database\\Connectors\\MySqlConnector.php(24): Illuminate\\Database\\Connectors\\Connector->createConnection()
#3 D:\\my-code\\kehu-web\\shop_mall\\backend\\vendor\\illuminate\\database\\Connectors\\ConnectionFactory.php(184): Illuminate\\Database\\Connectors\\MySqlConnector->connect()
#4 [internal function]: Illuminate\\Database\\Connectors\\ConnectionFactory->Illuminate\\Database\\Connectors\\{closure}()
#5 D:\\my-code\\kehu-web\\shop_mall\\backend\\vendor\\illuminate\\database\\Connection.php(1064): call_user_func()
#6 D:\\my-code\\kehu-web\\shop_mall\\backend\\vendor\\illuminate\\database\\Connection.php(1100): Illuminate\\Database\\Connection->getPdo()
#7 D:\\my-code\\kehu-web\\shop_mall\\backend\\vendor\\illuminate\\database\\Connection.php(442): Illuminate\\Database\\Connection->getReadPdo()
#8 D:\\my-code\\kehu-web\\shop_mall\\backend\\vendor\\illuminate\\database\\Connection.php(368): Illuminate\\Database\\Connection->getPdoForSelect()
#9 D:\\my-code\\kehu-web\\shop_mall\\backend\\vendor\\illuminate\\database\\Connection.php(705): Illuminate\\Database\\Connection->Illuminate\\Database\\{closure}()
#10 D:\\my-code\\kehu-web\\shop_mall\\backend\\vendor\\illuminate\\database\\Connection.php(672): Illuminate\\Database\\Connection->runQueryCallback()
#11 D:\\my-code\\kehu-web\\shop_mall\\backend\\vendor\\illuminate\\database\\Connection.php(359): Illuminate\\Database\\Connection->run()
#12 D:\\my-code\\kehu-web\\shop_mall\\backend\\vendor\\illuminate\\database\\Query\\Builder.php(2413): Illuminate\\Database\\Connection->select()
#13 D:\\my-code\\kehu-web\\shop_mall\\backend\\vendor\\illuminate\\database\\Query\\Builder.php(2402): Illuminate\\Database\\Query\\Builder->runSelect()
#14 D:\\my-code\\kehu-web\\shop_mall\\backend\\vendor\\illuminate\\database\\Query\\Builder.php(2936): Illuminate\\Database\\Query\\Builder->Illuminate\\Database\\Query\\{closure}()
#15 D:\\my-code\\kehu-web\\shop_mall\\backend\\vendor\\illuminate\\database\\Query\\Builder.php(2401): Illuminate\\Database\\Query\\Builder->onceWithColumns()
#16 D:\\my-code\\kehu-web\\shop_mall\\backend\\vendor\\illuminate\\database\\Eloquent\\Builder.php(625): Illuminate\\Database\\Query\\Builder->get()
#17 D:\\my-code\\kehu-web\\shop_mall\\backend\\vendor\\illuminate\\database\\Eloquent\\Builder.php(609): Illuminate\\Database\\Eloquent\\Builder->getModels()
#18 D:\\my-code\\kehu-web\\shop_mall\\backend\\vendor\\illuminate\\database\\Concerns\\BuildsQueries.php(294): Illuminate\\Database\\Eloquent\\Builder->get()
#19 D:\\my-code\\kehu-web\\shop_mall\\backend\\vendor\\illuminate\\auth\\EloquentUserProvider.php(53): Illuminate\\Database\\Eloquent\\Builder->first()
#20 D:\\my-code\\kehu-web\\shop_mall\\backend\\vendor\\tymon\\jwt-auth\\src\\JWTGuard.php(81): Illuminate\\Auth\\EloquentUserProvider->retrieveById()
#21 D:\\my-code\\kehu-web\\shop_mall\\backend\\vendor\\illuminate\\auth\\GuardHelpers.php(60): Tymon\\JWTAuth\\JWTGuard->user()
#22 D:\\my-code\\kehu-web\\shop_mall\\backend\\vendor\\illuminate\\auth\\GuardHelpers.php(70): Tymon\\JWTAuth\\JWTGuard->check()
#23 D:\\my-code\\kehu-web\\shop_mall\\backend\\app\\Http\\Middleware\\AdminAuthenticate.php(19): Tymon\\JWTAuth\\JWTGuard->guest()
#24 D:\\my-code\\kehu-web\\shop_mall\\backend\\vendor\\illuminate\\pipeline\\Pipeline.php(167): App\\Http\\Middleware\\AdminAuthenticate->handle()
#25 D:\\my-code\\kehu-web\\shop_mall\\backend\\vendor\\laravel\\lumen-framework\\src\\Routing\\Pipeline.php(30): Illuminate\\Pipeline\\Pipeline->Illuminate\\Pipeline\\{closure}()
#26 D:\\my-code\\kehu-web\\shop_mall\\backend\\vendor\\illuminate\\pipeline\\Pipeline.php(103): Laravel\\Lumen\\Routing\\Pipeline->Laravel\\Lumen\\Routing\\{closure}()
#27 D:\\my-code\\kehu-web\\shop_mall\\backend\\vendor\\laravel\\lumen-framework\\src\\Concerns\\RoutesRequests.php(426): Illuminate\\Pipeline\\Pipeline->then()
#28 D:\\my-code\\kehu-web\\shop_mall\\backend\\vendor\\laravel\\lumen-framework\\src\\Concerns\\RoutesRequests.php(261): Laravel\\Lumen\\Application->sendThroughPipeline()
#29 D:\\my-code\\kehu-web\\shop_mall\\backend\\vendor\\laravel\\lumen-framework\\src\\Concerns\\RoutesRequests.php(169): Laravel\\Lumen\\Application->handleFoundRoute()
#30 D:\\my-code\\kehu-web\\shop_mall\\backend\\vendor\\laravel\\lumen-framework\\src\\Routing\\Pipeline.php(48): Laravel\\Lumen\\Application->Laravel\\Lumen\\Concerns\\{closure}()
#31 D:\\my-code\\kehu-web\\shop_mall\\backend\\app\\Http\\Middleware\\CorsMiddleware.php(30): Laravel\\Lumen\\Routing\\Pipeline->Laravel\\Lumen\\Routing\\{closure}()
#32 D:\\my-code\\kehu-web\\shop_mall\\backend\\vendor\\illuminate\\pipeline\\Pipeline.php(167): App\\Http\\Middleware\\CorsMiddleware->handle()
#33 D:\\my-code\\kehu-web\\shop_mall\\backend\\vendor\\laravel\\lumen-framework\\src\\Routing\\Pipeline.php(30): Illuminate\\Pipeline\\Pipeline->Illuminate\\Pipeline\\{closure}()
#34 D:\\my-code\\kehu-web\\shop_mall\\backend\\vendor\\illuminate\\pipeline\\Pipeline.php(103): Laravel\\Lumen\\Routing\\Pipeline->Laravel\\Lumen\\Routing\\{closure}()
#35 D:\\my-code\\kehu-web\\shop_mall\\backend\\vendor\\laravel\\lumen-framework\\src\\Concerns\\RoutesRequests.php(426): Illuminate\\Pipeline\\Pipeline->then()
#36 D:\\my-code\\kehu-web\\shop_mall\\backend\\vendor\\laravel\\lumen-framework\\src\\Concerns\\RoutesRequests.php(165): Laravel\\Lumen\\Application->sendThroughPipeline()
#37 D:\\my-code\\kehu-web\\shop_mall\\backend\\vendor\\laravel\\lumen-framework\\src\\Concerns\\RoutesRequests.php(112): Laravel\\Lumen\\Application->dispatch()
#38 D:\\my-code\\kehu-web\\shop_mall\\backend\\public\\index.php(17): Laravel\\Lumen\\Application->run()
#39 {main}
"} 
[2026-01-15 16:21:20] production.ERROR: SQLSTATE[HY000] [2002] å¥—æŽ¥å­—æ“ä½œå°è¯•ä¸€ä¸ªæ— æ³•è¿žæŽ¥çš„ä¸»æœºã€‚ (SQL: select * from `admins` where `id` = 1 limit 1) {"exception":"[object] (Illuminate\\Database\\QueryException(code: 2002): SQLSTATE[HY000] [2002] å¥—æŽ¥å­—æ“ä½œå°è¯•ä¸€ä¸ªæ— æ³•è¿žæŽ¥çš„ä¸»æœºã€‚ (SQL: select * from `admins` where `id` = 1 limit 1) at D:\\my-code\\kehu-web\\shop_mall\\backend\\vendor\\illuminate\\database\\Connection.php:712)
[stacktrace]
#0 D:\\my-code\\kehu-web\\shop_mall\\backend\\vendor\\illuminate\\database\\Connection.php(672): Illuminate\\Database\\Connection->runQueryCallback()
#1 D:\\my-code\\kehu-web\\shop_mall\\backend\\vendor\\illuminate\\database\\Connection.php(359): Illuminate\\Database\\Connection->run()
#2 D:\\my-code\\kehu-web\\shop_mall\\backend\\vendor\\illuminate\\database\\Query\\Builder.php(2413): Illuminate\\Database\\Connection->select()
#3 D:\\my-code\\kehu-web\\shop_mall\\backend\\vendor\\illuminate\\database\\Query\\Builder.php(2402): Illuminate\\Database\\Query\\Builder->runSelect()
#4 D:\\my-code\\kehu-web\\shop_mall\\backend\\vendor\\illuminate\\database\\Query\\Builder.php(2936): Illuminate\\Database\\Query\\Builder->Illuminate\\Database\\Query\\{closure}()
#5 D:\\my-code\\kehu-web\\shop_mall\\backend\\vendor\\illuminate\\database\\Query\\Builder.php(2401): Illuminate\\Database\\Query\\Builder->onceWithColumns()
#6 D:\\my-code\\kehu-web\\shop_mall\\backend\\vendor\\illuminate\\database\\Eloquent\\Builder.php(625): Illuminate\\Database\\Query\\Builder->get()
#7 D:\\my-code\\kehu-web\\shop_mall\\backend\\vendor\\illuminate\\database\\Eloquent\\Builder.php(609): Illuminate\\Database\\Eloquent\\Builder->getModels()
#8 D:\\my-code\\kehu-web\\shop_mall\\backend\\vendor\\illuminate\\database\\Concerns\\BuildsQueries.php(294): Illuminate\\Database\\Eloquent\\Builder->get()
#9 D:\\my-code\\kehu-web\\shop_mall\\backend\\vendor\\illuminate\\auth\\EloquentUserProvider.php(53): Illuminate\\Database\\Eloquent\\Builder->first()
#10 D:\\my-code\\kehu-web\\shop_mall\\backend\\vendor\\tymon\\jwt-auth\\src\\JWTGuard.php(81): Illuminate\\Auth\\EloquentUserProvider->retrieveById()
#11 D:\\my-code\\kehu-web\\shop_mall\\backend\\vendor\\illuminate\\auth\\GuardHelpers.php(60): Tymon\\JWTAuth\\JWTGuard->user()
#12 D:\\my-code\\kehu-web\\shop_mall\\backend\\vendor\\illuminate\\auth\\GuardHelpers.php(70): Tymon\\JWTAuth\\JWTGuard->check()
#13 D:\\my-code\\kehu-web\\shop_mall\\backend\\app\\Http\\Middleware\\AdminAuthenticate.php(19): Tymon\\JWTAuth\\JWTGuard->guest()
#14 D:\\my-code\\kehu-web\\shop_mall\\backend\\vendor\\illuminate\\pipeline\\Pipeline.php(167): App\\Http\\Middleware\\AdminAuthenticate->handle()
#15 D:\\my-code\\kehu-web\\shop_mall\\backend\\vendor\\laravel\\lumen-framework\\src\\Routing\\Pipeline.php(30): Illuminate\\Pipeline\\Pipeline->Illuminate\\Pipeline\\{closure}()
#16 D:\\my-code\\kehu-web\\shop_mall\\backend\\vendor\\illuminate\\pipeline\\Pipeline.php(103): Laravel\\Lumen\\Routing\\Pipeline->Laravel\\Lumen\\Routing\\{closure}()
#17 D:\\my-code\\kehu-web\\shop_mall\\backend\\vendor\\laravel\\lumen-framework\\src\\Concerns\\RoutesRequests.php(426): Illuminate\\Pipeline\\Pipeline->then()
#18 D:\\my-code\\kehu-web\\shop_mall\\backend\\vendor\\laravel\\lumen-framework\\src\\Concerns\\RoutesRequests.php(261): Laravel\\Lumen\\Application->sendThroughPipeline()
#19 D:\\my-code\\kehu-web\\shop_mall\\backend\\vendor\\laravel\\lumen-framework\\src\\Concerns\\RoutesRequests.php(169): Laravel\\Lumen\\Application->handleFoundRoute()
#20 D:\\my-code\\kehu-web\\shop_mall\\backend\\vendor\\laravel\\lumen-framework\\src\\Routing\\Pipeline.php(48): Laravel\\Lumen\\Application->Laravel\\Lumen\\Concerns\\{closure}()
#21 D:\\my-code\\kehu-web\\shop_mall\\backend\\app\\Http\\Middleware\\CorsMiddleware.php(30): Laravel\\Lumen\\Routing\\Pipeline->Laravel\\Lumen\\Routing\\{closure}()
#22 D:\\my-code\\kehu-web\\shop_mall\\backend\\vendor\\illuminate\\pipeline\\Pipeline.php(167): App\\Http\\Middleware\\CorsMiddleware->handle()
#23 D:\\my-code\\kehu-web\\shop_mall\\backend\\vendor\\laravel\\lumen-framework\\src\\Routing\\Pipeline.php(30): Illuminate\\Pipeline\\Pipeline->Illuminate\\Pipeline\\{closure}()
#24 D:\\my-code\\kehu-web\\shop_mall\\backend\\vendor\\illuminate\\pipeline\\Pipeline.php(103): Laravel\\Lumen\\Routing\\Pipeline->Laravel\\Lumen\\Routing\\{closure}()
#25 D:\\my-code\\kehu-web\\shop_mall\\backend\\vendor\\laravel\\lumen-framework\\src\\Concerns\\RoutesRequests.php(426): Illuminate\\Pipeline\\Pipeline->then()
#26 D:\\my-code\\kehu-web\\shop_mall\\backend\\vendor\\laravel\\lumen-framework\\src\\Concerns\\RoutesRequests.php(165): Laravel\\Lumen\\Application->sendThroughPipeline()
#27 D:\\my-code\\kehu-web\\shop_mall\\backend\\vendor\\laravel\\lumen-framework\\src\\Concerns\\RoutesRequests.php(112): Laravel\\Lumen\\Application->dispatch()
#28 D:\\my-code\\kehu-web\\shop_mall\\backend\\public\\index.php(17): Laravel\\Lumen\\Application->run()
#29 {main}

[previous exception] [object] (PDOException(code: 2002): SQLSTATE[HY000] [2002] å¥—æŽ¥å­—æ“ä½œå°è¯•ä¸€ä¸ªæ— æ³•è¿žæŽ¥çš„ä¸»æœºã€‚ at D:\\my-code\\kehu-web\\shop_mall\\backend\\vendor\\illuminate\\database\\Connectors\\Connector.php:70)
[stacktrace]
#0 D:\\my-code\\kehu-web\\shop_mall\\backend\\vendor\\illuminate\\database\\Connectors\\Connector.php(70): PDO->__construct()
#1 D:\\my-code\\kehu-web\\shop_mall\\backend\\vendor\\illuminate\\database\\Connectors\\Connector.php(45): Illuminate\\Database\\Connectors\\Connector->createPdoConnection()
#2 D:\\my-code\\kehu-web\\shop_mall\\backend\\vendor\\illuminate\\database\\Connectors\\MySqlConnector.php(24): Illuminate\\Database\\Connectors\\Connector->createConnection()
#3 D:\\my-code\\kehu-web\\shop_mall\\backend\\vendor\\illuminate\\database\\Connectors\\ConnectionFactory.php(184): Illuminate\\Database\\Connectors\\MySqlConnector->connect()
#4 [internal function]: Illuminate\\Database\\Connectors\\ConnectionFactory->Illuminate\\Database\\Connectors\\{closure}()
#5 D:\\my-code\\kehu-web\\shop_mall\\backend\\vendor\\illuminate\\database\\Connection.php(1064): call_user_func()
#6 D:\\my-code\\kehu-web\\shop_mall\\backend\\vendor\\illuminate\\database\\Connection.php(1100): Illuminate\\Database\\Connection->getPdo()
#7 D:\\my-code\\kehu-web\\shop_mall\\backend\\vendor\\illuminate\\database\\Connection.php(442): Illuminate\\Database\\Connection->getReadPdo()
#8 D:\\my-code\\kehu-web\\shop_mall\\backend\\vendor\\illuminate\\database\\Connection.php(368): Illuminate\\Database\\Connection->getPdoForSelect()
#9 D:\\my-code\\kehu-web\\shop_mall\\backend\\vendor\\illuminate\\database\\Connection.php(705): Illuminate\\Database\\Connection->Illuminate\\Database\\{closure}()
#10 D:\\my-code\\kehu-web\\shop_mall\\backend\\vendor\\illuminate\\database\\Connection.php(672): Illuminate\\Database\\Connection->runQueryCallback()
#11 D:\\my-code\\kehu-web\\shop_mall\\backend\\vendor\\illuminate\\database\\Connection.php(359): Illuminate\\Database\\Connection->run()
#12 D:\\my-code\\kehu-web\\shop_mall\\backend\\vendor\\illuminate\\database\\Query\\Builder.php(2413): Illuminate\\Database\\Connection->select()
#13 D:\\my-code\\kehu-web\\shop_mall\\backend\\vendor\\illuminate\\database\\Query\\Builder.php(2402): Illuminate\\Database\\Query\\Builder->runSelect()
#14 D:\\my-code\\kehu-web\\shop_mall\\backend\\vendor\\illuminate\\database\\Query\\Builder.php(2936): Illuminate\\Database\\Query\\Builder->Illuminate\\Database\\Query\\{closure}()
#15 D:\\my-code\\kehu-web\\shop_mall\\backend\\vendor\\illuminate\\database\\Query\\Builder.php(2401): Illuminate\\Database\\Query\\Builder->onceWithColumns()
#16 D:\\my-code\\kehu-web\\shop_mall\\backend\\vendor\\illuminate\\database\\Eloquent\\Builder.php(625): Illuminate\\Database\\Query\\Builder->get()
#17 D:\\my-code\\kehu-web\\shop_mall\\backend\\vendor\\illuminate\\database\\Eloquent\\Builder.php(609): Illuminate\\Database\\Eloquent\\Builder->getModels()
#18 D:\\my-code\\kehu-web\\shop_mall\\backend\\vendor\\illuminate\\database\\Concerns\\BuildsQueries.php(294): Illuminate\\Database\\Eloquent\\Builder->get()
#19 D:\\my-code\\kehu-web\\shop_mall\\backend\\vendor\\illuminate\\auth\\EloquentUserProvider.php(53): Illuminate\\Database\\Eloquent\\Builder->first()
#20 D:\\my-code\\kehu-web\\shop_mall\\backend\\vendor\\tymon\\jwt-auth\\src\\JWTGuard.php(81): Illuminate\\Auth\\EloquentUserProvider->retrieveById()
#21 D:\\my-code\\kehu-web\\shop_mall\\backend\\vendor\\illuminate\\auth\\GuardHelpers.php(60): Tymon\\JWTAuth\\JWTGuard->user()
#22 D:\\my-code\\kehu-web\\shop_mall\\backend\\vendor\\illuminate\\auth\\GuardHelpers.php(70): Tymon\\JWTAuth\\JWTGuard->check()
#23 D:\\my-code\\kehu-web\\shop_mall\\backend\\app\\Http\\Middleware\\AdminAuthenticate.php(19): Tymon\\JWTAuth\\JWTGuard->guest()
#24 D:\\my-code\\kehu-web\\shop_mall\\backend\\vendor\\illuminate\\pipeline\\Pipeline.php(167): App\\Http\\Middleware\\AdminAuthenticate->handle()
#25 D:\\my-code\\kehu-web\\shop_mall\\backend\\vendor\\laravel\\lumen-framework\\src\\Routing\\Pipeline.php(30): Illuminate\\Pipeline\\Pipeline->Illuminate\\Pipeline\\{closure}()
#26 D:\\my-code\\kehu-web\\shop_mall\\backend\\vendor\\illuminate\\pipeline\\Pipeline.php(103): Laravel\\Lumen\\Routing\\Pipeline->Laravel\\Lumen\\Routing\\{closure}()
#27 D:\\my-code\\kehu-web\\shop_mall\\backend\\vendor\\laravel\\lumen-framework\\src\\Concerns\\RoutesRequests.php(426): Illuminate\\Pipeline\\Pipeline->then()
#28 D:\\my-code\\kehu-web\\shop_mall\\backend\\vendor\\laravel\\lumen-framework\\src\\Concerns\\RoutesRequests.php(261): Laravel\\Lumen\\Application->sendThroughPipeline()
#29 D:\\my-code\\kehu-web\\shop_mall\\backend\\vendor\\laravel\\lumen-framework\\src\\Concerns\\RoutesRequests.php(169): Laravel\\Lumen\\Application->handleFoundRoute()
#30 D:\\my-code\\kehu-web\\shop_mall\\backend\\vendor\\laravel\\lumen-framework\\src\\Routing\\Pipeline.php(48): Laravel\\Lumen\\Application->Laravel\\Lumen\\Concerns\\{closure}()
#31 D:\\my-code\\kehu-web\\shop_mall\\backend\\app\\Http\\Middleware\\CorsMiddleware.php(30): Laravel\\Lumen\\Routing\\Pipeline->Laravel\\Lumen\\Routing\\{closure}()
#32 D:\\my-code\\kehu-web\\shop_mall\\backend\\vendor\\illuminate\\pipeline\\Pipeline.php(167): App\\Http\\Middleware\\CorsMiddleware->handle()
#33 D:\\my-code\\kehu-web\\shop_mall\\backend\\vendor\\laravel\\lumen-framework\\src\\Routing\\Pipeline.php(30): Illuminate\\Pipeline\\Pipeline->Illuminate\\Pipeline\\{closure}()
#34 D:\\my-code\\kehu-web\\shop_mall\\backend\\vendor\\illuminate\\pipeline\\Pipeline.php(103): Laravel\\Lumen\\Routing\\Pipeline->Laravel\\Lumen\\Routing\\{closure}()
#35 D:\\my-code\\kehu-web\\shop_mall\\backend\\vendor\\laravel\\lumen-framework\\src\\Concerns\\RoutesRequests.php(426): Illuminate\\Pipeline\\Pipeline->then()
#36 D:\\my-code\\kehu-web\\shop_mall\\backend\\vendor\\laravel\\lumen-framework\\src\\Concerns\\RoutesRequests.php(165): Laravel\\Lumen\\Application->sendThroughPipeline()
#37 D:\\my-code\\kehu-web\\shop_mall\\backend\\vendor\\laravel\\lumen-framework\\src\\Concerns\\RoutesRequests.php(112): Laravel\\Lumen\\Application->dispatch()
#38 D:\\my-code\\kehu-web\\shop_mall\\backend\\public\\index.php(17): Laravel\\Lumen\\Application->run()
#39 {main}
"} 
[2026-01-15 16:39:56] production.ERROR: SQLSTATE[HY000] [2002] å¥—æŽ¥å­—æ“ä½œå°è¯•ä¸€ä¸ªæ— æ³•è¿žæŽ¥çš„ä¸»æœºã€‚ (SQL: select * from `admins` where `id` = 1 limit 1) {"exception":"[object] (Illuminate\\Database\\QueryException(code: 2002): SQLSTATE[HY000] [2002] å¥—æŽ¥å­—æ“ä½œå°è¯•ä¸€ä¸ªæ— æ³•è¿žæŽ¥çš„ä¸»æœºã€‚ (SQL: select * from `admins` where `id` = 1 limit 1) at D:\\my-code\\kehu-web\\shop_mall\\backend\\vendor\\illuminate\\database\\Connection.php:712)
[stacktrace]
#0 D:\\my-code\\kehu-web\\shop_mall\\backend\\vendor\\illuminate\\database\\Connection.php(672): Illuminate\\Database\\Connection->runQueryCallback()
#1 D:\\my-code\\kehu-web\\shop_mall\\backend\\vendor\\illuminate\\database\\Connection.php(359): Illuminate\\Database\\Connection->run()
#2 D:\\my-code\\kehu-web\\shop_mall\\backend\\vendor\\illuminate\\database\\Query\\Builder.php(2413): Illuminate\\Database\\Connection->select()
#3 D:\\my-code\\kehu-web\\shop_mall\\backend\\vendor\\illuminate\\database\\Query\\Builder.php(2402): Illuminate\\Database\\Query\\Builder->runSelect()
#4 D:\\my-code\\kehu-web\\shop_mall\\backend\\vendor\\illuminate\\database\\Query\\Builder.php(2936): Illuminate\\Database\\Query\\Builder->Illuminate\\Database\\Query\\{closure}()
#5 D:\\my-code\\kehu-web\\shop_mall\\backend\\vendor\\illuminate\\database\\Query\\Builder.php(2401): Illuminate\\Database\\Query\\Builder->onceWithColumns()
#6 D:\\my-code\\kehu-web\\shop_mall\\backend\\vendor\\illuminate\\database\\Eloquent\\Builder.php(625): Illuminate\\Database\\Query\\Builder->get()
#7 D:\\my-code\\kehu-web\\shop_mall\\backend\\vendor\\illuminate\\database\\Eloquent\\Builder.php(609): Illuminate\\Database\\Eloquent\\Builder->getModels()
#8 D:\\my-code\\kehu-web\\shop_mall\\backend\\vendor\\illuminate\\database\\Concerns\\BuildsQueries.php(294): Illuminate\\Database\\Eloquent\\Builder->get()
#9 D:\\my-code\\kehu-web\\shop_mall\\backend\\vendor\\illuminate\\auth\\EloquentUserProvider.php(53): Illuminate\\Database\\Eloquent\\Builder->first()
#10 D:\\my-code\\kehu-web\\shop_mall\\backend\\vendor\\tymon\\jwt-auth\\src\\JWTGuard.php(81): Illuminate\\Auth\\EloquentUserProvider->retrieveById()
#11 D:\\my-code\\kehu-web\\shop_mall\\backend\\vendor\\illuminate\\auth\\GuardHelpers.php(60): Tymon\\JWTAuth\\JWTGuard->user()
#12 D:\\my-code\\kehu-web\\shop_mall\\backend\\vendor\\illuminate\\auth\\GuardHelpers.php(70): Tymon\\JWTAuth\\JWTGuard->check()
#13 D:\\my-code\\kehu-web\\shop_mall\\backend\\app\\Http\\Middleware\\AdminAuthenticate.php(19): Tymon\\JWTAuth\\JWTGuard->guest()
#14 D:\\my-code\\kehu-web\\shop_mall\\backend\\vendor\\illuminate\\pipeline\\Pipeline.php(167): App\\Http\\Middleware\\AdminAuthenticate->handle()
#15 D:\\my-code\\kehu-web\\shop_mall\\backend\\vendor\\laravel\\lumen-framework\\src\\Routing\\Pipeline.php(30): Illuminate\\Pipeline\\Pipeline->Illuminate\\Pipeline\\{closure}()
#16 D:\\my-code\\kehu-web\\shop_mall\\backend\\vendor\\illuminate\\pipeline\\Pipeline.php(103): Laravel\\Lumen\\Routing\\Pipeline->Laravel\\Lumen\\Routing\\{closure}()
#17 D:\\my-code\\kehu-web\\shop_mall\\backend\\vendor\\laravel\\lumen-framework\\src\\Concerns\\RoutesRequests.php(426): Illuminate\\Pipeline\\Pipeline->then()
#18 D:\\my-code\\kehu-web\\shop_mall\\backend\\vendor\\laravel\\lumen-framework\\src\\Concerns\\RoutesRequests.php(261): Laravel\\Lumen\\Application->sendThroughPipeline()
#19 D:\\my-code\\kehu-web\\shop_mall\\backend\\vendor\\laravel\\lumen-framework\\src\\Concerns\\RoutesRequests.php(169): Laravel\\Lumen\\Application->handleFoundRoute()
#20 D:\\my-code\\kehu-web\\shop_mall\\backend\\vendor\\laravel\\lumen-framework\\src\\Routing\\Pipeline.php(48): Laravel\\Lumen\\Application->Laravel\\Lumen\\Concerns\\{closure}()
#21 D:\\my-code\\kehu-web\\shop_mall\\backend\\app\\Http\\Middleware\\CorsMiddleware.php(30): Laravel\\Lumen\\Routing\\Pipeline->Laravel\\Lumen\\Routing\\{closure}()
#22 D:\\my-code\\kehu-web\\shop_mall\\backend\\vendor\\illuminate\\pipeline\\Pipeline.php(167): App\\Http\\Middleware\\CorsMiddleware->handle()
#23 D:\\my-code\\kehu-web\\shop_mall\\backend\\vendor\\laravel\\lumen-framework\\src\\Routing\\Pipeline.php(30): Illuminate\\Pipeline\\Pipeline->Illuminate\\Pipeline\\{closure}()
#24 D:\\my-code\\kehu-web\\shop_mall\\backend\\vendor\\illuminate\\pipeline\\Pipeline.php(103): Laravel\\Lumen\\Routing\\Pipeline->Laravel\\Lumen\\Routing\\{closure}()
#25 D:\\my-code\\kehu-web\\shop_mall\\backend\\vendor\\laravel\\lumen-framework\\src\\Concerns\\RoutesRequests.php(426): Illuminate\\Pipeline\\Pipeline->then()
#26 D:\\my-code\\kehu-web\\shop_mall\\backend\\vendor\\laravel\\lumen-framework\\src\\Concerns\\RoutesRequests.php(165): Laravel\\Lumen\\Application->sendThroughPipeline()
#27 D:\\my-code\\kehu-web\\shop_mall\\backend\\vendor\\laravel\\lumen-framework\\src\\Concerns\\RoutesRequests.php(112): Laravel\\Lumen\\Application->dispatch()
#28 D:\\my-code\\kehu-web\\shop_mall\\backend\\public\\index.php(17): Laravel\\Lumen\\Application->run()
#29 {main}

[previous exception] [object] (PDOException(code: 2002): SQLSTATE[HY000] [2002] å¥—æŽ¥å­—æ“ä½œå°è¯•ä¸€ä¸ªæ— æ³•è¿žæŽ¥çš„ä¸»æœºã€‚ at D:\\my-code\\kehu-web\\shop_mall\\backend\\vendor\\illuminate\\database\\Connectors\\Connector.php:70)
[stacktrace]
#0 D:\\my-code\\kehu-web\\shop_mall\\backend\\vendor\\illuminate\\database\\Connectors\\Connector.php(70): PDO->__construct()
#1 D:\\my-code\\kehu-web\\shop_mall\\backend\\vendor\\illuminate\\database\\Connectors\\Connector.php(45): Illuminate\\Database\\Connectors\\Connector->createPdoConnection()
#2 D:\\my-code\\kehu-web\\shop_mall\\backend\\vendor\\illuminate\\database\\Connectors\\MySqlConnector.php(24): Illuminate\\Database\\Connectors\\Connector->createConnection()
#3 D:\\my-code\\kehu-web\\shop_mall\\backend\\vendor\\illuminate\\database\\Connectors\\ConnectionFactory.php(184): Illuminate\\Database\\Connectors\\MySqlConnector->connect()
#4 [internal function]: Illuminate\\Database\\Connectors\\ConnectionFactory->Illuminate\\Database\\Connectors\\{closure}()
#5 D:\\my-code\\kehu-web\\shop_mall\\backend\\vendor\\illuminate\\database\\Connection.php(1064): call_user_func()
#6 D:\\my-code\\kehu-web\\shop_mall\\backend\\vendor\\illuminate\\database\\Connection.php(1100): Illuminate\\Database\\Connection->getPdo()
#7 D:\\my-code\\kehu-web\\shop_mall\\backend\\vendor\\illuminate\\database\\Connection.php(442): Illuminate\\Database\\Connection->getReadPdo()
#8 D:\\my-code\\kehu-web\\shop_mall\\backend\\vendor\\illuminate\\database\\Connection.php(368): Illuminate\\Database\\Connection->getPdoForSelect()
#9 D:\\my-code\\kehu-web\\shop_mall\\backend\\vendor\\illuminate\\database\\Connection.php(705): Illuminate\\Database\\Connection->Illuminate\\Database\\{closure}()
#10 D:\\my-code\\kehu-web\\shop_mall\\backend\\vendor\\illuminate\\database\\Connection.php(672): Illuminate\\Database\\Connection->runQueryCallback()
#11 D:\\my-code\\kehu-web\\shop_mall\\backend\\vendor\\illuminate\\database\\Connection.php(359): Illuminate\\Database\\Connection->run()
#12 D:\\my-code\\kehu-web\\shop_mall\\backend\\vendor\\illuminate\\database\\Query\\Builder.php(2413): Illuminate\\Database\\Connection->select()
#13 D:\\my-code\\kehu-web\\shop_mall\\backend\\vendor\\illuminate\\database\\Query\\Builder.php(2402): Illuminate\\Database\\Query\\Builder->runSelect()
#14 D:\\my-code\\kehu-web\\shop_mall\\backend\\vendor\\illuminate\\database\\Query\\Builder.php(2936): Illuminate\\Database\\Query\\Builder->Illuminate\\Database\\Query\\{closure}()
#15 D:\\my-code\\kehu-web\\shop_mall\\backend\\vendor\\illuminate\\database\\Query\\Builder.php(2401): Illuminate\\Database\\Query\\Builder->onceWithColumns()
#16 D:\\my-code\\kehu-web\\shop_mall\\backend\\vendor\\illuminate\\database\\Eloquent\\Builder.php(625): Illuminate\\Database\\Query\\Builder->get()
#17 D:\\my-code\\kehu-web\\shop_mall\\backend\\vendor\\illuminate\\database\\Eloquent\\Builder.php(609): Illuminate\\Database\\Eloquent\\Builder->getModels()
#18 D:\\my-code\\kehu-web\\shop_mall\\backend\\vendor\\illuminate\\database\\Concerns\\BuildsQueries.php(294): Illuminate\\Database\\Eloquent\\Builder->get()
#19 D:\\my-code\\kehu-web\\shop_mall\\backend\\vendor\\illuminate\\auth\\EloquentUserProvider.php(53): Illuminate\\Database\\Eloquent\\Builder->first()
#20 D:\\my-code\\kehu-web\\shop_mall\\backend\\vendor\\tymon\\jwt-auth\\src\\JWTGuard.php(81): Illuminate\\Auth\\EloquentUserProvider->retrieveById()
#21 D:\\my-code\\kehu-web\\shop_mall\\backend\\vendor\\illuminate\\auth\\GuardHelpers.php(60): Tymon\\JWTAuth\\JWTGuard->user()
#22 D:\\my-code\\kehu-web\\shop_mall\\backend\\vendor\\illuminate\\auth\\GuardHelpers.php(70): Tymon\\JWTAuth\\JWTGuard->check()
#23 D:\\my-code\\kehu-web\\shop_mall\\backend\\app\\Http\\Middleware\\AdminAuthenticate.php(19): Tymon\\JWTAuth\\JWTGuard->guest()
#24 D:\\my-code\\kehu-web\\shop_mall\\backend\\vendor\\illuminate\\pipeline\\Pipeline.php(167): App\\Http\\Middleware\\AdminAuthenticate->handle()
#25 D:\\my-code\\kehu-web\\shop_mall\\backend\\vendor\\laravel\\lumen-framework\\src\\Routing\\Pipeline.php(30): Illuminate\\Pipeline\\Pipeline->Illuminate\\Pipeline\\{closure}()
#26 D:\\my-code\\kehu-web\\shop_mall\\backend\\vendor\\illuminate\\pipeline\\Pipeline.php(103): Laravel\\Lumen\\Routing\\Pipeline->Laravel\\Lumen\\Routing\\{closure}()
#27 D:\\my-code\\kehu-web\\shop_mall\\backend\\vendor\\laravel\\lumen-framework\\src\\Concerns\\RoutesRequests.php(426): Illuminate\\Pipeline\\Pipeline->then()
#28 D:\\my-code\\kehu-web\\shop_mall\\backend\\vendor\\laravel\\lumen-framework\\src\\Concerns\\RoutesRequests.php(261): Laravel\\Lumen\\Application->sendThroughPipeline()
#29 D:\\my-code\\kehu-web\\shop_mall\\backend\\vendor\\laravel\\lumen-framework\\src\\Concerns\\RoutesRequests.php(169): Laravel\\Lumen\\Application->handleFoundRoute()
#30 D:\\my-code\\kehu-web\\shop_mall\\backend\\vendor\\laravel\\lumen-framework\\src\\Routing\\Pipeline.php(48): Laravel\\Lumen\\Application->Laravel\\Lumen\\Concerns\\{closure}()
#31 D:\\my-code\\kehu-web\\shop_mall\\backend\\app\\Http\\Middleware\\CorsMiddleware.php(30): Laravel\\Lumen\\Routing\\Pipeline->Laravel\\Lumen\\Routing\\{closure}()
#32 D:\\my-code\\kehu-web\\shop_mall\\backend\\vendor\\illuminate\\pipeline\\Pipeline.php(167): App\\Http\\Middleware\\CorsMiddleware->handle()
#33 D:\\my-code\\kehu-web\\shop_mall\\backend\\vendor\\laravel\\lumen-framework\\src\\Routing\\Pipeline.php(30): Illuminate\\Pipeline\\Pipeline->Illuminate\\Pipeline\\{closure}()
#34 D:\\my-code\\kehu-web\\shop_mall\\backend\\vendor\\illuminate\\pipeline\\Pipeline.php(103): Laravel\\Lumen\\Routing\\Pipeline->Laravel\\Lumen\\Routing\\{closure}()
#35 D:\\my-code\\kehu-web\\shop_mall\\backend\\vendor\\laravel\\lumen-framework\\src\\Concerns\\RoutesRequests.php(426): Illuminate\\Pipeline\\Pipeline->then()
#36 D:\\my-code\\kehu-web\\shop_mall\\backend\\vendor\\laravel\\lumen-framework\\src\\Concerns\\RoutesRequests.php(165): Laravel\\Lumen\\Application->sendThroughPipeline()
#37 D:\\my-code\\kehu-web\\shop_mall\\backend\\vendor\\laravel\\lumen-framework\\src\\Concerns\\RoutesRequests.php(112): Laravel\\Lumen\\Application->dispatch()
#38 D:\\my-code\\kehu-web\\shop_mall\\backend\\public\\index.php(17): Laravel\\Lumen\\Application->run()
#39 {main}
"} 
[2026-01-15 16:40:30] production.ERROR: SQLSTATE[HY000] [2002] å¥—æŽ¥å­—æ“ä½œå°è¯•ä¸€ä¸ªæ— æ³•è¿žæŽ¥çš„ä¸»æœºã€‚ (SQL: select * from `admins` where `id` = 1 limit 1) {"exception":"[object] (Illuminate\\Database\\QueryException(code: 2002): SQLSTATE[HY000] [2002] å¥—æŽ¥å­—æ“ä½œå°è¯•ä¸€ä¸ªæ— æ³•è¿žæŽ¥çš„ä¸»æœºã€‚ (SQL: select * from `admins` where `id` = 1 limit 1) at D:\\my-code\\kehu-web\\shop_mall\\backend\\vendor\\illuminate\\database\\Connection.php:712)
[stacktrace]
#0 D:\\my-code\\kehu-web\\shop_mall\\backend\\vendor\\illuminate\\database\\Connection.php(672): Illuminate\\Database\\Connection->runQueryCallback()
#1 D:\\my-code\\kehu-web\\shop_mall\\backend\\vendor\\illuminate\\database\\Connection.php(359): Illuminate\\Database\\Connection->run()
#2 D:\\my-code\\kehu-web\\shop_mall\\backend\\vendor\\illuminate\\database\\Query\\Builder.php(2413): Illuminate\\Database\\Connection->select()
#3 D:\\my-code\\kehu-web\\shop_mall\\backend\\vendor\\illuminate\\database\\Query\\Builder.php(2402): Illuminate\\Database\\Query\\Builder->runSelect()
#4 D:\\my-code\\kehu-web\\shop_mall\\backend\\vendor\\illuminate\\database\\Query\\Builder.php(2936): Illuminate\\Database\\Query\\Builder->Illuminate\\Database\\Query\\{closure}()
#5 D:\\my-code\\kehu-web\\shop_mall\\backend\\vendor\\illuminate\\database\\Query\\Builder.php(2401): Illuminate\\Database\\Query\\Builder->onceWithColumns()
#6 D:\\my-code\\kehu-web\\shop_mall\\backend\\vendor\\illuminate\\database\\Eloquent\\Builder.php(625): Illuminate\\Database\\Query\\Builder->get()
#7 D:\\my-code\\kehu-web\\shop_mall\\backend\\vendor\\illuminate\\database\\Eloquent\\Builder.php(609): Illuminate\\Database\\Eloquent\\Builder->getModels()
#8 D:\\my-code\\kehu-web\\shop_mall\\backend\\vendor\\illuminate\\database\\Concerns\\BuildsQueries.php(294): Illuminate\\Database\\Eloquent\\Builder->get()
#9 D:\\my-code\\kehu-web\\shop_mall\\backend\\vendor\\illuminate\\auth\\EloquentUserProvider.php(53): Illuminate\\Database\\Eloquent\\Builder->first()
#10 D:\\my-code\\kehu-web\\shop_mall\\backend\\vendor\\tymon\\jwt-auth\\src\\JWTGuard.php(81): Illuminate\\Auth\\EloquentUserProvider->retrieveById()
#11 D:\\my-code\\kehu-web\\shop_mall\\backend\\vendor\\illuminate\\auth\\GuardHelpers.php(60): Tymon\\JWTAuth\\JWTGuard->user()
#12 D:\\my-code\\kehu-web\\shop_mall\\backend\\vendor\\illuminate\\auth\\GuardHelpers.php(70): Tymon\\JWTAuth\\JWTGuard->check()
#13 D:\\my-code\\kehu-web\\shop_mall\\backend\\app\\Http\\Middleware\\AdminAuthenticate.php(19): Tymon\\JWTAuth\\JWTGuard->guest()
#14 D:\\my-code\\kehu-web\\shop_mall\\backend\\vendor\\illuminate\\pipeline\\Pipeline.php(167): App\\Http\\Middleware\\AdminAuthenticate->handle()
#15 D:\\my-code\\kehu-web\\shop_mall\\backend\\vendor\\laravel\\lumen-framework\\src\\Routing\\Pipeline.php(30): Illuminate\\Pipeline\\Pipeline->Illuminate\\Pipeline\\{closure}()
#16 D:\\my-code\\kehu-web\\shop_mall\\backend\\vendor\\illuminate\\pipeline\\Pipeline.php(103): Laravel\\Lumen\\Routing\\Pipeline->Laravel\\Lumen\\Routing\\{closure}()
#17 D:\\my-code\\kehu-web\\shop_mall\\backend\\vendor\\laravel\\lumen-framework\\src\\Concerns\\RoutesRequests.php(426): Illuminate\\Pipeline\\Pipeline->then()
#18 D:\\my-code\\kehu-web\\shop_mall\\backend\\vendor\\laravel\\lumen-framework\\src\\Concerns\\RoutesRequests.php(261): Laravel\\Lumen\\Application->sendThroughPipeline()
#19 D:\\my-code\\kehu-web\\shop_mall\\backend\\vendor\\laravel\\lumen-framework\\src\\Concerns\\RoutesRequests.php(169): Laravel\\Lumen\\Application->handleFoundRoute()
#20 D:\\my-code\\kehu-web\\shop_mall\\backend\\vendor\\laravel\\lumen-framework\\src\\Routing\\Pipeline.php(48): Laravel\\Lumen\\Application->Laravel\\Lumen\\Concerns\\{closure}()
#21 D:\\my-code\\kehu-web\\shop_mall\\backend\\app\\Http\\Middleware\\CorsMiddleware.php(30): Laravel\\Lumen\\Routing\\Pipeline->Laravel\\Lumen\\Routing\\{closure}()
#22 D:\\my-code\\kehu-web\\shop_mall\\backend\\vendor\\illuminate\\pipeline\\Pipeline.php(167): App\\Http\\Middleware\\CorsMiddleware->handle()
#23 D:\\my-code\\kehu-web\\shop_mall\\backend\\vendor\\laravel\\lumen-framework\\src\\Routing\\Pipeline.php(30): Illuminate\\Pipeline\\Pipeline->Illuminate\\Pipeline\\{closure}()
#24 D:\\my-code\\kehu-web\\shop_mall\\backend\\vendor\\illuminate\\pipeline\\Pipeline.php(103): Laravel\\Lumen\\Routing\\Pipeline->Laravel\\Lumen\\Routing\\{closure}()
#25 D:\\my-code\\kehu-web\\shop_mall\\backend\\vendor\\laravel\\lumen-framework\\src\\Concerns\\RoutesRequests.php(426): Illuminate\\Pipeline\\Pipeline->then()
#26 D:\\my-code\\kehu-web\\shop_mall\\backend\\vendor\\laravel\\lumen-framework\\src\\Concerns\\RoutesRequests.php(165): Laravel\\Lumen\\Application->sendThroughPipeline()
#27 D:\\my-code\\kehu-web\\shop_mall\\backend\\vendor\\laravel\\lumen-framework\\src\\Concerns\\RoutesRequests.php(112): Laravel\\Lumen\\Application->dispatch()
#28 D:\\my-code\\kehu-web\\shop_mall\\backend\\public\\index.php(17): Laravel\\Lumen\\Application->run()
#29 {main}

[previous exception] [object] (PDOException(code: 2002): SQLSTATE[HY000] [2002] å¥—æŽ¥å­—æ“ä½œå°è¯•ä¸€ä¸ªæ— æ³•è¿žæŽ¥çš„ä¸»æœºã€‚ at D:\\my-code\\kehu-web\\shop_mall\\backend\\vendor\\illuminate\\database\\Connectors\\Connector.php:70)
[stacktrace]
#0 D:\\my-code\\kehu-web\\shop_mall\\backend\\vendor\\illuminate\\database\\Connectors\\Connector.php(70): PDO->__construct()
#1 D:\\my-code\\kehu-web\\shop_mall\\backend\\vendor\\illuminate\\database\\Connectors\\Connector.php(45): Illuminate\\Database\\Connectors\\Connector->createPdoConnection()
#2 D:\\my-code\\kehu-web\\shop_mall\\backend\\vendor\\illuminate\\database\\Connectors\\MySqlConnector.php(24): Illuminate\\Database\\Connectors\\Connector->createConnection()
#3 D:\\my-code\\kehu-web\\shop_mall\\backend\\vendor\\illuminate\\database\\Connectors\\ConnectionFactory.php(184): Illuminate\\Database\\Connectors\\MySqlConnector->connect()
#4 [internal function]: Illuminate\\Database\\Connectors\\ConnectionFactory->Illuminate\\Database\\Connectors\\{closure}()
#5 D:\\my-code\\kehu-web\\shop_mall\\backend\\vendor\\illuminate\\database\\Connection.php(1064): call_user_func()
#6 D:\\my-code\\kehu-web\\shop_mall\\backend\\vendor\\illuminate\\database\\Connection.php(1100): Illuminate\\Database\\Connection->getPdo()
#7 D:\\my-code\\kehu-web\\shop_mall\\backend\\vendor\\illuminate\\database\\Connection.php(442): Illuminate\\Database\\Connection->getReadPdo()
#8 D:\\my-code\\kehu-web\\shop_mall\\backend\\vendor\\illuminate\\database\\Connection.php(368): Illuminate\\Database\\Connection->getPdoForSelect()
#9 D:\\my-code\\kehu-web\\shop_mall\\backend\\vendor\\illuminate\\database\\Connection.php(705): Illuminate\\Database\\Connection->Illuminate\\Database\\{closure}()
#10 D:\\my-code\\kehu-web\\shop_mall\\backend\\vendor\\illuminate\\database\\Connection.php(672): Illuminate\\Database\\Connection->runQueryCallback()
#11 D:\\my-code\\kehu-web\\shop_mall\\backend\\vendor\\illuminate\\database\\Connection.php(359): Illuminate\\Database\\Connection->run()
#12 D:\\my-code\\kehu-web\\shop_mall\\backend\\vendor\\illuminate\\database\\Query\\Builder.php(2413): Illuminate\\Database\\Connection->select()
#13 D:\\my-code\\kehu-web\\shop_mall\\backend\\vendor\\illuminate\\database\\Query\\Builder.php(2402): Illuminate\\Database\\Query\\Builder->runSelect()
#14 D:\\my-code\\kehu-web\\shop_mall\\backend\\vendor\\illuminate\\database\\Query\\Builder.php(2936): Illuminate\\Database\\Query\\Builder->Illuminate\\Database\\Query\\{closure}()
#15 D:\\my-code\\kehu-web\\shop_mall\\backend\\vendor\\illuminate\\database\\Query\\Builder.php(2401): Illuminate\\Database\\Query\\Builder->onceWithColumns()
#16 D:\\my-code\\kehu-web\\shop_mall\\backend\\vendor\\illuminate\\database\\Eloquent\\Builder.php(625): Illuminate\\Database\\Query\\Builder->get()
#17 D:\\my-code\\kehu-web\\shop_mall\\backend\\vendor\\illuminate\\database\\Eloquent\\Builder.php(609): Illuminate\\Database\\Eloquent\\Builder->getModels()
#18 D:\\my-code\\kehu-web\\shop_mall\\backend\\vendor\\illuminate\\database\\Concerns\\BuildsQueries.php(294): Illuminate\\Database\\Eloquent\\Builder->get()
#19 D:\\my-code\\kehu-web\\shop_mall\\backend\\vendor\\illuminate\\auth\\EloquentUserProvider.php(53): Illuminate\\Database\\Eloquent\\Builder->first()
#20 D:\\my-code\\kehu-web\\shop_mall\\backend\\vendor\\tymon\\jwt-auth\\src\\JWTGuard.php(81): Illuminate\\Auth\\EloquentUserProvider->retrieveById()
#21 D:\\my-code\\kehu-web\\shop_mall\\backend\\vendor\\illuminate\\auth\\GuardHelpers.php(60): Tymon\\JWTAuth\\JWTGuard->user()
#22 D:\\my-code\\kehu-web\\shop_mall\\backend\\vendor\\illuminate\\auth\\GuardHelpers.php(70): Tymon\\JWTAuth\\JWTGuard->check()
#23 D:\\my-code\\kehu-web\\shop_mall\\backend\\app\\Http\\Middleware\\AdminAuthenticate.php(19): Tymon\\JWTAuth\\JWTGuard->guest()
#24 D:\\my-code\\kehu-web\\shop_mall\\backend\\vendor\\illuminate\\pipeline\\Pipeline.php(167): App\\Http\\Middleware\\AdminAuthenticate->handle()
#25 D:\\my-code\\kehu-web\\shop_mall\\backend\\vendor\\laravel\\lumen-framework\\src\\Routing\\Pipeline.php(30): Illuminate\\Pipeline\\Pipeline->Illuminate\\Pipeline\\{closure}()
#26 D:\\my-code\\kehu-web\\shop_mall\\backend\\vendor\\illuminate\\pipeline\\Pipeline.php(103): Laravel\\Lumen\\Routing\\Pipeline->Laravel\\Lumen\\Routing\\{closure}()
#27 D:\\my-code\\kehu-web\\shop_mall\\backend\\vendor\\laravel\\lumen-framework\\src\\Concerns\\RoutesRequests.php(426): Illuminate\\Pipeline\\Pipeline->then()
#28 D:\\my-code\\kehu-web\\shop_mall\\backend\\vendor\\laravel\\lumen-framework\\src\\Concerns\\RoutesRequests.php(261): Laravel\\Lumen\\Application->sendThroughPipeline()
#29 D:\\my-code\\kehu-web\\shop_mall\\backend\\vendor\\laravel\\lumen-framework\\src\\Concerns\\RoutesRequests.php(169): Laravel\\Lumen\\Application->handleFoundRoute()
#30 D:\\my-code\\kehu-web\\shop_mall\\backend\\vendor\\laravel\\lumen-framework\\src\\Routing\\Pipeline.php(48): Laravel\\Lumen\\Application->Laravel\\Lumen\\Concerns\\{closure}()
#31 D:\\my-code\\kehu-web\\shop_mall\\backend\\app\\Http\\Middleware\\CorsMiddleware.php(30): Laravel\\Lumen\\Routing\\Pipeline->Laravel\\Lumen\\Routing\\{closure}()
#32 D:\\my-code\\kehu-web\\shop_mall\\backend\\vendor\\illuminate\\pipeline\\Pipeline.php(167): App\\Http\\Middleware\\CorsMiddleware->handle()
#33 D:\\my-code\\kehu-web\\shop_mall\\backend\\vendor\\laravel\\lumen-framework\\src\\Routing\\Pipeline.php(30): Illuminate\\Pipeline\\Pipeline->Illuminate\\Pipeline\\{closure}()
#34 D:\\my-code\\kehu-web\\shop_mall\\backend\\vendor\\illuminate\\pipeline\\Pipeline.php(103): Laravel\\Lumen\\Routing\\Pipeline->Laravel\\Lumen\\Routing\\{closure}()
#35 D:\\my-code\\kehu-web\\shop_mall\\backend\\vendor\\laravel\\lumen-framework\\src\\Concerns\\RoutesRequests.php(426): Illuminate\\Pipeline\\Pipeline->then()
#36 D:\\my-code\\kehu-web\\shop_mall\\backend\\vendor\\laravel\\lumen-framework\\src\\Concerns\\RoutesRequests.php(165): Laravel\\Lumen\\Application->sendThroughPipeline()
#37 D:\\my-code\\kehu-web\\shop_mall\\backend\\vendor\\laravel\\lumen-framework\\src\\Concerns\\RoutesRequests.php(112): Laravel\\Lumen\\Application->dispatch()
#38 D:\\my-code\\kehu-web\\shop_mall\\backend\\public\\index.php(17): Laravel\\Lumen\\Application->run()
#39 {main}
"} 
[2026-01-15 16:40:32] production.ERROR: SQLSTATE[HY000] [2002] å¥—æŽ¥å­—æ“ä½œå°è¯•ä¸€ä¸ªæ— æ³•è¿žæŽ¥çš„ä¸»æœºã€‚ (SQL: select * from `admins` where `id` = 1 limit 1) {"exception":"[object] (Illuminate\\Database\\QueryException(code: 2002): SQLSTATE[HY000] [2002] å¥—æŽ¥å­—æ“ä½œå°è¯•ä¸€ä¸ªæ— æ³•è¿žæŽ¥çš„ä¸»æœºã€‚ (SQL: select * from `admins` where `id` = 1 limit 1) at D:\\my-code\\kehu-web\\shop_mall\\backend\\vendor\\illuminate\\database\\Connection.php:712)
[stacktrace]
#0 D:\\my-code\\kehu-web\\shop_mall\\backend\\vendor\\illuminate\\database\\Connection.php(672): Illuminate\\Database\\Connection->runQueryCallback()
#1 D:\\my-code\\kehu-web\\shop_mall\\backend\\vendor\\illuminate\\database\\Connection.php(359): Illuminate\\Database\\Connection->run()
#2 D:\\my-code\\kehu-web\\shop_mall\\backend\\vendor\\illuminate\\database\\Query\\Builder.php(2413): Illuminate\\Database\\Connection->select()
#3 D:\\my-code\\kehu-web\\shop_mall\\backend\\vendor\\illuminate\\database\\Query\\Builder.php(2402): Illuminate\\Database\\Query\\Builder->runSelect()
#4 D:\\my-code\\kehu-web\\shop_mall\\backend\\vendor\\illuminate\\database\\Query\\Builder.php(2936): Illuminate\\Database\\Query\\Builder->Illuminate\\Database\\Query\\{closure}()
#5 D:\\my-code\\kehu-web\\shop_mall\\backend\\vendor\\illuminate\\database\\Query\\Builder.php(2401): Illuminate\\Database\\Query\\Builder->onceWithColumns()
#6 D:\\my-code\\kehu-web\\shop_mall\\backend\\vendor\\illuminate\\database\\Eloquent\\Builder.php(625): Illuminate\\Database\\Query\\Builder->get()
#7 D:\\my-code\\kehu-web\\shop_mall\\backend\\vendor\\illuminate\\database\\Eloquent\\Builder.php(609): Illuminate\\Database\\Eloquent\\Builder->getModels()
#8 D:\\my-code\\kehu-web\\shop_mall\\backend\\vendor\\illuminate\\database\\Concerns\\BuildsQueries.php(294): Illuminate\\Database\\Eloquent\\Builder->get()
#9 D:\\my-code\\kehu-web\\shop_mall\\backend\\vendor\\illuminate\\auth\\EloquentUserProvider.php(53): Illuminate\\Database\\Eloquent\\Builder->first()
#10 D:\\my-code\\kehu-web\\shop_mall\\backend\\vendor\\tymon\\jwt-auth\\src\\JWTGuard.php(81): Illuminate\\Auth\\EloquentUserProvider->retrieveById()
#11 D:\\my-code\\kehu-web\\shop_mall\\backend\\vendor\\illuminate\\auth\\GuardHelpers.php(60): Tymon\\JWTAuth\\JWTGuard->user()
#12 D:\\my-code\\kehu-web\\shop_mall\\backend\\vendor\\illuminate\\auth\\GuardHelpers.php(70): Tymon\\JWTAuth\\JWTGuard->check()
#13 D:\\my-code\\kehu-web\\shop_mall\\backend\\app\\Http\\Middleware\\AdminAuthenticate.php(19): Tymon\\JWTAuth\\JWTGuard->guest()
#14 D:\\my-code\\kehu-web\\shop_mall\\backend\\vendor\\illuminate\\pipeline\\Pipeline.php(167): App\\Http\\Middleware\\AdminAuthenticate->handle()
#15 D:\\my-code\\kehu-web\\shop_mall\\backend\\vendor\\laravel\\lumen-framework\\src\\Routing\\Pipeline.php(30): Illuminate\\Pipeline\\Pipeline->Illuminate\\Pipeline\\{closure}()
#16 D:\\my-code\\kehu-web\\shop_mall\\backend\\vendor\\illuminate\\pipeline\\Pipeline.php(103): Laravel\\Lumen\\Routing\\Pipeline->Laravel\\Lumen\\Routing\\{closure}()
#17 D:\\my-code\\kehu-web\\shop_mall\\backend\\vendor\\laravel\\lumen-framework\\src\\Concerns\\RoutesRequests.php(426): Illuminate\\Pipeline\\Pipeline->then()
#18 D:\\my-code\\kehu-web\\shop_mall\\backend\\vendor\\laravel\\lumen-framework\\src\\Concerns\\RoutesRequests.php(261): Laravel\\Lumen\\Application->sendThroughPipeline()
#19 D:\\my-code\\kehu-web\\shop_mall\\backend\\vendor\\laravel\\lumen-framework\\src\\Concerns\\RoutesRequests.php(169): Laravel\\Lumen\\Application->handleFoundRoute()
#20 D:\\my-code\\kehu-web\\shop_mall\\backend\\vendor\\laravel\\lumen-framework\\src\\Routing\\Pipeline.php(48): Laravel\\Lumen\\Application->Laravel\\Lumen\\Concerns\\{closure}()
#21 D:\\my-code\\kehu-web\\shop_mall\\backend\\app\\Http\\Middleware\\CorsMiddleware.php(30): Laravel\\Lumen\\Routing\\Pipeline->Laravel\\Lumen\\Routing\\{closure}()
#22 D:\\my-code\\kehu-web\\shop_mall\\backend\\vendor\\illuminate\\pipeline\\Pipeline.php(167): App\\Http\\Middleware\\CorsMiddleware->handle()
#23 D:\\my-code\\kehu-web\\shop_mall\\backend\\vendor\\laravel\\lumen-framework\\src\\Routing\\Pipeline.php(30): Illuminate\\Pipeline\\Pipeline->Illuminate\\Pipeline\\{closure}()
#24 D:\\my-code\\kehu-web\\shop_mall\\backend\\vendor\\illuminate\\pipeline\\Pipeline.php(103): Laravel\\Lumen\\Routing\\Pipeline->Laravel\\Lumen\\Routing\\{closure}()
#25 D:\\my-code\\kehu-web\\shop_mall\\backend\\vendor\\laravel\\lumen-framework\\src\\Concerns\\RoutesRequests.php(426): Illuminate\\Pipeline\\Pipeline->then()
#26 D:\\my-code\\kehu-web\\shop_mall\\backend\\vendor\\laravel\\lumen-framework\\src\\Concerns\\RoutesRequests.php(165): Laravel\\Lumen\\Application->sendThroughPipeline()
#27 D:\\my-code\\kehu-web\\shop_mall\\backend\\vendor\\laravel\\lumen-framework\\src\\Concerns\\RoutesRequests.php(112): Laravel\\Lumen\\Application->dispatch()
#28 D:\\my-code\\kehu-web\\shop_mall\\backend\\public\\index.php(17): Laravel\\Lumen\\Application->run()
#29 {main}

[previous exception] [object] (PDOException(code: 2002): SQLSTATE[HY000] [2002] å¥—æŽ¥å­—æ“ä½œå°è¯•ä¸€ä¸ªæ— æ³•è¿žæŽ¥çš„ä¸»æœºã€‚ at D:\\my-code\\kehu-web\\shop_mall\\backend\\vendor\\illuminate\\database\\Connectors\\Connector.php:70)
[stacktrace]
#0 D:\\my-code\\kehu-web\\shop_mall\\backend\\vendor\\illuminate\\database\\Connectors\\Connector.php(70): PDO->__construct()
#1 D:\\my-code\\kehu-web\\shop_mall\\backend\\vendor\\illuminate\\database\\Connectors\\Connector.php(45): Illuminate\\Database\\Connectors\\Connector->createPdoConnection()
#2 D:\\my-code\\kehu-web\\shop_mall\\backend\\vendor\\illuminate\\database\\Connectors\\MySqlConnector.php(24): Illuminate\\Database\\Connectors\\Connector->createConnection()
#3 D:\\my-code\\kehu-web\\shop_mall\\backend\\vendor\\illuminate\\database\\Connectors\\ConnectionFactory.php(184): Illuminate\\Database\\Connectors\\MySqlConnector->connect()
#4 [internal function]: Illuminate\\Database\\Connectors\\ConnectionFactory->Illuminate\\Database\\Connectors\\{closure}()
#5 D:\\my-code\\kehu-web\\shop_mall\\backend\\vendor\\illuminate\\database\\Connection.php(1064): call_user_func()
#6 D:\\my-code\\kehu-web\\shop_mall\\backend\\vendor\\illuminate\\database\\Connection.php(1100): Illuminate\\Database\\Connection->getPdo()
#7 D:\\my-code\\kehu-web\\shop_mall\\backend\\vendor\\illuminate\\database\\Connection.php(442): Illuminate\\Database\\Connection->getReadPdo()
#8 D:\\my-code\\kehu-web\\shop_mall\\backend\\vendor\\illuminate\\database\\Connection.php(368): Illuminate\\Database\\Connection->getPdoForSelect()
#9 D:\\my-code\\kehu-web\\shop_mall\\backend\\vendor\\illuminate\\database\\Connection.php(705): Illuminate\\Database\\Connection->Illuminate\\Database\\{closure}()
#10 D:\\my-code\\kehu-web\\shop_mall\\backend\\vendor\\illuminate\\database\\Connection.php(672): Illuminate\\Database\\Connection->runQueryCallback()
#11 D:\\my-code\\kehu-web\\shop_mall\\backend\\vendor\\illuminate\\database\\Connection.php(359): Illuminate\\Database\\Connection->run()
#12 D:\\my-code\\kehu-web\\shop_mall\\backend\\vendor\\illuminate\\database\\Query\\Builder.php(2413): Illuminate\\Database\\Connection->select()
#13 D:\\my-code\\kehu-web\\shop_mall\\backend\\vendor\\illuminate\\database\\Query\\Builder.php(2402): Illuminate\\Database\\Query\\Builder->runSelect()
#14 D:\\my-code\\kehu-web\\shop_mall\\backend\\vendor\\illuminate\\database\\Query\\Builder.php(2936): Illuminate\\Database\\Query\\Builder->Illuminate\\Database\\Query\\{closure}()
#15 D:\\my-code\\kehu-web\\shop_mall\\backend\\vendor\\illuminate\\database\\Query\\Builder.php(2401): Illuminate\\Database\\Query\\Builder->onceWithColumns()
#16 D:\\my-code\\kehu-web\\shop_mall\\backend\\vendor\\illuminate\\database\\Eloquent\\Builder.php(625): Illuminate\\Database\\Query\\Builder->get()
#17 D:\\my-code\\kehu-web\\shop_mall\\backend\\vendor\\illuminate\\database\\Eloquent\\Builder.php(609): Illuminate\\Database\\Eloquent\\Builder->getModels()
#18 D:\\my-code\\kehu-web\\shop_mall\\backend\\vendor\\illuminate\\database\\Concerns\\BuildsQueries.php(294): Illuminate\\Database\\Eloquent\\Builder->get()
#19 D:\\my-code\\kehu-web\\shop_mall\\backend\\vendor\\illuminate\\auth\\EloquentUserProvider.php(53): Illuminate\\Database\\Eloquent\\Builder->first()
#20 D:\\my-code\\kehu-web\\shop_mall\\backend\\vendor\\tymon\\jwt-auth\\src\\JWTGuard.php(81): Illuminate\\Auth\\EloquentUserProvider->retrieveById()
#21 D:\\my-code\\kehu-web\\shop_mall\\backend\\vendor\\illuminate\\auth\\GuardHelpers.php(60): Tymon\\JWTAuth\\JWTGuard->user()
#22 D:\\my-code\\kehu-web\\shop_mall\\backend\\vendor\\illuminate\\auth\\GuardHelpers.php(70): Tymon\\JWTAuth\\JWTGuard->check()
#23 D:\\my-code\\kehu-web\\shop_mall\\backend\\app\\Http\\Middleware\\AdminAuthenticate.php(19): Tymon\\JWTAuth\\JWTGuard->guest()
#24 D:\\my-code\\kehu-web\\shop_mall\\backend\\vendor\\illuminate\\pipeline\\Pipeline.php(167): App\\Http\\Middleware\\AdminAuthenticate->handle()
#25 D:\\my-code\\kehu-web\\shop_mall\\backend\\vendor\\laravel\\lumen-framework\\src\\Routing\\Pipeline.php(30): Illuminate\\Pipeline\\Pipeline->Illuminate\\Pipeline\\{closure}()
#26 D:\\my-code\\kehu-web\\shop_mall\\backend\\vendor\\illuminate\\pipeline\\Pipeline.php(103): Laravel\\Lumen\\Routing\\Pipeline->Laravel\\Lumen\\Routing\\{closure}()
#27 D:\\my-code\\kehu-web\\shop_mall\\backend\\vendor\\laravel\\lumen-framework\\src\\Concerns\\RoutesRequests.php(426): Illuminate\\Pipeline\\Pipeline->then()
#28 D:\\my-code\\kehu-web\\shop_mall\\backend\\vendor\\laravel\\lumen-framework\\src\\Concerns\\RoutesRequests.php(261): Laravel\\Lumen\\Application->sendThroughPipeline()
#29 D:\\my-code\\kehu-web\\shop_mall\\backend\\vendor\\laravel\\lumen-framework\\src\\Concerns\\RoutesRequests.php(169): Laravel\\Lumen\\Application->handleFoundRoute()
#30 D:\\my-code\\kehu-web\\shop_mall\\backend\\vendor\\laravel\\lumen-framework\\src\\Routing\\Pipeline.php(48): Laravel\\Lumen\\Application->Laravel\\Lumen\\Concerns\\{closure}()
#31 D:\\my-code\\kehu-web\\shop_mall\\backend\\app\\Http\\Middleware\\CorsMiddleware.php(30): Laravel\\Lumen\\Routing\\Pipeline->Laravel\\Lumen\\Routing\\{closure}()
#32 D:\\my-code\\kehu-web\\shop_mall\\backend\\vendor\\illuminate\\pipeline\\Pipeline.php(167): App\\Http\\Middleware\\CorsMiddleware->handle()
#33 D:\\my-code\\kehu-web\\shop_mall\\backend\\vendor\\laravel\\lumen-framework\\src\\Routing\\Pipeline.php(30): Illuminate\\Pipeline\\Pipeline->Illuminate\\Pipeline\\{closure}()
#34 D:\\my-code\\kehu-web\\shop_mall\\backend\\vendor\\illuminate\\pipeline\\Pipeline.php(103): Laravel\\Lumen\\Routing\\Pipeline->Laravel\\Lumen\\Routing\\{closure}()
#35 D:\\my-code\\kehu-web\\shop_mall\\backend\\vendor\\laravel\\lumen-framework\\src\\Concerns\\RoutesRequests.php(426): Illuminate\\Pipeline\\Pipeline->then()
#36 D:\\my-code\\kehu-web\\shop_mall\\backend\\vendor\\laravel\\lumen-framework\\src\\Concerns\\RoutesRequests.php(165): Laravel\\Lumen\\Application->sendThroughPipeline()
#37 D:\\my-code\\kehu-web\\shop_mall\\backend\\vendor\\laravel\\lumen-framework\\src\\Concerns\\RoutesRequests.php(112): Laravel\\Lumen\\Application->dispatch()
#38 D:\\my-code\\kehu-web\\shop_mall\\backend\\public\\index.php(17): Laravel\\Lumen\\Application->run()
#39 {main}
"} 
[2026-01-15 16:46:12] production.ERROR: SQLSTATE[HY000] [2002] php_network_getaddresses: getaddrinfo for http failed: ²»ÖªµÀÕâÑùµÄÖ÷»ú¡£  (SQL: select * from `admins` where `id` = 1 limit 1) {"exception":"[object] (Illuminate\\Database\\QueryException(code: 2002): SQLSTATE[HY000] [2002] php_network_getaddresses: getaddrinfo for http failed: ï¿½ï¿½Öªï¿½ï¿½ï¿½ï¿½ï¿½ï¿½ï¿½ï¿½ï¿½ï¿½ï¿½ï¿½  (SQL: select * from `admins` where `id` = 1 limit 1) at D:\\my-code\\kehu-web\\shop_mall\\backend\\vendor\\illuminate\\database\\Connection.php:712)
[stacktrace]
#0 D:\\my-code\\kehu-web\\shop_mall\\backend\\vendor\\illuminate\\database\\Connection.php(672): Illuminate\\Database\\Connection->runQueryCallback()
#1 D:\\my-code\\kehu-web\\shop_mall\\backend\\vendor\\illuminate\\database\\Connection.php(359): Illuminate\\Database\\Connection->run()
#2 D:\\my-code\\kehu-web\\shop_mall\\backend\\vendor\\illuminate\\database\\Query\\Builder.php(2413): Illuminate\\Database\\Connection->select()
#3 D:\\my-code\\kehu-web\\shop_mall\\backend\\vendor\\illuminate\\database\\Query\\Builder.php(2402): Illuminate\\Database\\Query\\Builder->runSelect()
#4 D:\\my-code\\kehu-web\\shop_mall\\backend\\vendor\\illuminate\\database\\Query\\Builder.php(2936): Illuminate\\Database\\Query\\Builder->Illuminate\\Database\\Query\\{closure}()
#5 D:\\my-code\\kehu-web\\shop_mall\\backend\\vendor\\illuminate\\database\\Query\\Builder.php(2401): Illuminate\\Database\\Query\\Builder->onceWithColumns()
#6 D:\\my-code\\kehu-web\\shop_mall\\backend\\vendor\\illuminate\\database\\Eloquent\\Builder.php(625): Illuminate\\Database\\Query\\Builder->get()
#7 D:\\my-code\\kehu-web\\shop_mall\\backend\\vendor\\illuminate\\database\\Eloquent\\Builder.php(609): Illuminate\\Database\\Eloquent\\Builder->getModels()
#8 D:\\my-code\\kehu-web\\shop_mall\\backend\\vendor\\illuminate\\database\\Concerns\\BuildsQueries.php(294): Illuminate\\Database\\Eloquent\\Builder->get()
#9 D:\\my-code\\kehu-web\\shop_mall\\backend\\vendor\\illuminate\\auth\\EloquentUserProvider.php(53): Illuminate\\Database\\Eloquent\\Builder->first()
#10 D:\\my-code\\kehu-web\\shop_mall\\backend\\vendor\\tymon\\jwt-auth\\src\\JWTGuard.php(81): Illuminate\\Auth\\EloquentUserProvider->retrieveById()
#11 D:\\my-code\\kehu-web\\shop_mall\\backend\\vendor\\illuminate\\auth\\GuardHelpers.php(60): Tymon\\JWTAuth\\JWTGuard->user()
#12 D:\\my-code\\kehu-web\\shop_mall\\backend\\vendor\\illuminate\\auth\\GuardHelpers.php(70): Tymon\\JWTAuth\\JWTGuard->check()
#13 D:\\my-code\\kehu-web\\shop_mall\\backend\\app\\Http\\Middleware\\AdminAuthenticate.php(19): Tymon\\JWTAuth\\JWTGuard->guest()
#14 D:\\my-code\\kehu-web\\shop_mall\\backend\\vendor\\illuminate\\pipeline\\Pipeline.php(167): App\\Http\\Middleware\\AdminAuthenticate->handle()
#15 D:\\my-code\\kehu-web\\shop_mall\\backend\\vendor\\laravel\\lumen-framework\\src\\Routing\\Pipeline.php(30): Illuminate\\Pipeline\\Pipeline->Illuminate\\Pipeline\\{closure}()
#16 D:\\my-code\\kehu-web\\shop_mall\\backend\\vendor\\illuminate\\pipeline\\Pipeline.php(103): Laravel\\Lumen\\Routing\\Pipeline->Laravel\\Lumen\\Routing\\{closure}()
#17 D:\\my-code\\kehu-web\\shop_mall\\backend\\vendor\\laravel\\lumen-framework\\src\\Concerns\\RoutesRequests.php(426): Illuminate\\Pipeline\\Pipeline->then()
#18 D:\\my-code\\kehu-web\\shop_mall\\backend\\vendor\\laravel\\lumen-framework\\src\\Concerns\\RoutesRequests.php(261): Laravel\\Lumen\\Application->sendThroughPipeline()
#19 D:\\my-code\\kehu-web\\shop_mall\\backend\\vendor\\laravel\\lumen-framework\\src\\Concerns\\RoutesRequests.php(169): Laravel\\Lumen\\Application->handleFoundRoute()
#20 D:\\my-code\\kehu-web\\shop_mall\\backend\\vendor\\laravel\\lumen-framework\\src\\Routing\\Pipeline.php(48): Laravel\\Lumen\\Application->Laravel\\Lumen\\Concerns\\{closure}()
#21 D:\\my-code\\kehu-web\\shop_mall\\backend\\app\\Http\\Middleware\\CorsMiddleware.php(30): Laravel\\Lumen\\Routing\\Pipeline->Laravel\\Lumen\\Routing\\{closure}()
#22 D:\\my-code\\kehu-web\\shop_mall\\backend\\vendor\\illuminate\\pipeline\\Pipeline.php(167): App\\Http\\Middleware\\CorsMiddleware->handle()
#23 D:\\my-code\\kehu-web\\shop_mall\\backend\\vendor\\laravel\\lumen-framework\\src\\Routing\\Pipeline.php(30): Illuminate\\Pipeline\\Pipeline->Illuminate\\Pipeline\\{closure}()
#24 D:\\my-code\\kehu-web\\shop_mall\\backend\\vendor\\illuminate\\pipeline\\Pipeline.php(103): Laravel\\Lumen\\Routing\\Pipeline->Laravel\\Lumen\\Routing\\{closure}()
#25 D:\\my-code\\kehu-web\\shop_mall\\backend\\vendor\\laravel\\lumen-framework\\src\\Concerns\\RoutesRequests.php(426): Illuminate\\Pipeline\\Pipeline->then()
#26 D:\\my-code\\kehu-web\\shop_mall\\backend\\vendor\\laravel\\lumen-framework\\src\\Concerns\\RoutesRequests.php(165): Laravel\\Lumen\\Application->sendThroughPipeline()
#27 D:\\my-code\\kehu-web\\shop_mall\\backend\\vendor\\laravel\\lumen-framework\\src\\Concerns\\RoutesRequests.php(112): Laravel\\Lumen\\Application->dispatch()
#28 D:\\my-code\\kehu-web\\shop_mall\\backend\\public\\index.php(17): Laravel\\Lumen\\Application->run()
#29 {main}

[previous exception] [object] (PDOException(code: 2002): SQLSTATE[HY000] [2002] php_network_getaddresses: getaddrinfo for http failed: ï¿½ï¿½Öªï¿½ï¿½ï¿½ï¿½ï¿½ï¿½ï¿½ï¿½ï¿½ï¿½ï¿½ï¿½  at D:\\my-code\\kehu-web\\shop_mall\\backend\\vendor\\illuminate\\database\\Connectors\\Connector.php:70)
[stacktrace]
#0 D:\\my-code\\kehu-web\\shop_mall\\backend\\vendor\\illuminate\\database\\Connectors\\Connector.php(70): PDO->__construct()
#1 D:\\my-code\\kehu-web\\shop_mall\\backend\\vendor\\illuminate\\database\\Connectors\\Connector.php(45): Illuminate\\Database\\Connectors\\Connector->createPdoConnection()
#2 D:\\my-code\\kehu-web\\shop_mall\\backend\\vendor\\illuminate\\database\\Connectors\\MySqlConnector.php(24): Illuminate\\Database\\Connectors\\Connector->createConnection()
#3 D:\\my-code\\kehu-web\\shop_mall\\backend\\vendor\\illuminate\\database\\Connectors\\ConnectionFactory.php(184): Illuminate\\Database\\Connectors\\MySqlConnector->connect()
#4 [internal function]: Illuminate\\Database\\Connectors\\ConnectionFactory->Illuminate\\Database\\Connectors\\{closure}()
#5 D:\\my-code\\kehu-web\\shop_mall\\backend\\vendor\\illuminate\\database\\Connection.php(1064): call_user_func()
#6 D:\\my-code\\kehu-web\\shop_mall\\backend\\vendor\\illuminate\\database\\Connection.php(1100): Illuminate\\Database\\Connection->getPdo()
#7 D:\\my-code\\kehu-web\\shop_mall\\backend\\vendor\\illuminate\\database\\Connection.php(442): Illuminate\\Database\\Connection->getReadPdo()
#8 D:\\my-code\\kehu-web\\shop_mall\\backend\\vendor\\illuminate\\database\\Connection.php(368): Illuminate\\Database\\Connection->getPdoForSelect()
#9 D:\\my-code\\kehu-web\\shop_mall\\backend\\vendor\\illuminate\\database\\Connection.php(705): Illuminate\\Database\\Connection->Illuminate\\Database\\{closure}()
#10 D:\\my-code\\kehu-web\\shop_mall\\backend\\vendor\\illuminate\\database\\Connection.php(672): Illuminate\\Database\\Connection->runQueryCallback()
#11 D:\\my-code\\kehu-web\\shop_mall\\backend\\vendor\\illuminate\\database\\Connection.php(359): Illuminate\\Database\\Connection->run()
#12 D:\\my-code\\kehu-web\\shop_mall\\backend\\vendor\\illuminate\\database\\Query\\Builder.php(2413): Illuminate\\Database\\Connection->select()
#13 D:\\my-code\\kehu-web\\shop_mall\\backend\\vendor\\illuminate\\database\\Query\\Builder.php(2402): Illuminate\\Database\\Query\\Builder->runSelect()
#14 D:\\my-code\\kehu-web\\shop_mall\\backend\\vendor\\illuminate\\database\\Query\\Builder.php(2936): Illuminate\\Database\\Query\\Builder->Illuminate\\Database\\Query\\{closure}()
#15 D:\\my-code\\kehu-web\\shop_mall\\backend\\vendor\\illuminate\\database\\Query\\Builder.php(2401): Illuminate\\Database\\Query\\Builder->onceWithColumns()
#16 D:\\my-code\\kehu-web\\shop_mall\\backend\\vendor\\illuminate\\database\\Eloquent\\Builder.php(625): Illuminate\\Database\\Query\\Builder->get()
#17 D:\\my-code\\kehu-web\\shop_mall\\backend\\vendor\\illuminate\\database\\Eloquent\\Builder.php(609): Illuminate\\Database\\Eloquent\\Builder->getModels()
#18 D:\\my-code\\kehu-web\\shop_mall\\backend\\vendor\\illuminate\\database\\Concerns\\BuildsQueries.php(294): Illuminate\\Database\\Eloquent\\Builder->get()
#19 D:\\my-code\\kehu-web\\shop_mall\\backend\\vendor\\illuminate\\auth\\EloquentUserProvider.php(53): Illuminate\\Database\\Eloquent\\Builder->first()
#20 D:\\my-code\\kehu-web\\shop_mall\\backend\\vendor\\tymon\\jwt-auth\\src\\JWTGuard.php(81): Illuminate\\Auth\\EloquentUserProvider->retrieveById()
#21 D:\\my-code\\kehu-web\\shop_mall\\backend\\vendor\\illuminate\\auth\\GuardHelpers.php(60): Tymon\\JWTAuth\\JWTGuard->user()
#22 D:\\my-code\\kehu-web\\shop_mall\\backend\\vendor\\illuminate\\auth\\GuardHelpers.php(70): Tymon\\JWTAuth\\JWTGuard->check()
#23 D:\\my-code\\kehu-web\\shop_mall\\backend\\app\\Http\\Middleware\\AdminAuthenticate.php(19): Tymon\\JWTAuth\\JWTGuard->guest()
#24 D:\\my-code\\kehu-web\\shop_mall\\backend\\vendor\\illuminate\\pipeline\\Pipeline.php(167): App\\Http\\Middleware\\AdminAuthenticate->handle()
#25 D:\\my-code\\kehu-web\\shop_mall\\backend\\vendor\\laravel\\lumen-framework\\src\\Routing\\Pipeline.php(30): Illuminate\\Pipeline\\Pipeline->Illuminate\\Pipeline\\{closure}()
#26 D:\\my-code\\kehu-web\\shop_mall\\backend\\vendor\\illuminate\\pipeline\\Pipeline.php(103): Laravel\\Lumen\\Routing\\Pipeline->Laravel\\Lumen\\Routing\\{closure}()
#27 D:\\my-code\\kehu-web\\shop_mall\\backend\\vendor\\laravel\\lumen-framework\\src\\Concerns\\RoutesRequests.php(426): Illuminate\\Pipeline\\Pipeline->then()
#28 D:\\my-code\\kehu-web\\shop_mall\\backend\\vendor\\laravel\\lumen-framework\\src\\Concerns\\RoutesRequests.php(261): Laravel\\Lumen\\Application->sendThroughPipeline()
#29 D:\\my-code\\kehu-web\\shop_mall\\backend\\vendor\\laravel\\lumen-framework\\src\\Concerns\\RoutesRequests.php(169): Laravel\\Lumen\\Application->handleFoundRoute()
#30 D:\\my-code\\kehu-web\\shop_mall\\backend\\vendor\\laravel\\lumen-framework\\src\\Routing\\Pipeline.php(48): Laravel\\Lumen\\Application->Laravel\\Lumen\\Concerns\\{closure}()
#31 D:\\my-code\\kehu-web\\shop_mall\\backend\\app\\Http\\Middleware\\CorsMiddleware.php(30): Laravel\\Lumen\\Routing\\Pipeline->Laravel\\Lumen\\Routing\\{closure}()
#32 D:\\my-code\\kehu-web\\shop_mall\\backend\\vendor\\illuminate\\pipeline\\Pipeline.php(167): App\\Http\\Middleware\\CorsMiddleware->handle()
#33 D:\\my-code\\kehu-web\\shop_mall\\backend\\vendor\\laravel\\lumen-framework\\src\\Routing\\Pipeline.php(30): Illuminate\\Pipeline\\Pipeline->Illuminate\\Pipeline\\{closure}()
#34 D:\\my-code\\kehu-web\\shop_mall\\backend\\vendor\\illuminate\\pipeline\\Pipeline.php(103): Laravel\\Lumen\\Routing\\Pipeline->Laravel\\Lumen\\Routing\\{closure}()
#35 D:\\my-code\\kehu-web\\shop_mall\\backend\\vendor\\laravel\\lumen-framework\\src\\Concerns\\RoutesRequests.php(426): Illuminate\\Pipeline\\Pipeline->then()
#36 D:\\my-code\\kehu-web\\shop_mall\\backend\\vendor\\laravel\\lumen-framework\\src\\Concerns\\RoutesRequests.php(165): Laravel\\Lumen\\Application->sendThroughPipeline()
#37 D:\\my-code\\kehu-web\\shop_mall\\backend\\vendor\\laravel\\lumen-framework\\src\\Concerns\\RoutesRequests.php(112): Laravel\\Lumen\\Application->dispatch()
#38 D:\\my-code\\kehu-web\\shop_mall\\backend\\public\\index.php(17): Laravel\\Lumen\\Application->run()
#39 {main}

[previous exception] [object] (PDOException(code: 0): PDO::__construct(): php_network_getaddresses: getaddrinfo for http failed: ï¿½ï¿½Öªï¿½ï¿½ï¿½ï¿½ï¿½ï¿½ï¿½ï¿½ï¿½ï¿½ï¿½ï¿½  at D:\\my-code\\kehu-web\\shop_mall\\backend\\vendor\\illuminate\\database\\Connectors\\Connector.php:70)
[stacktrace]
#0 D:\\my-code\\kehu-web\\shop_mall\\backend\\vendor\\illuminate\\database\\Connectors\\Connector.php(70): PDO->__construct()
#1 D:\\my-code\\kehu-web\\shop_mall\\backend\\vendor\\illuminate\\database\\Connectors\\Connector.php(45): Illuminate\\Database\\Connectors\\Connector->createPdoConnection()
#2 D:\\my-code\\kehu-web\\shop_mall\\backend\\vendor\\illuminate\\database\\Connectors\\MySqlConnector.php(24): Illuminate\\Database\\Connectors\\Connector->createConnection()
#3 D:\\my-code\\kehu-web\\shop_mall\\backend\\vendor\\illuminate\\database\\Connectors\\ConnectionFactory.php(184): Illuminate\\Database\\Connectors\\MySqlConnector->connect()
#4 [internal function]: Illuminate\\Database\\Connectors\\ConnectionFactory->Illuminate\\Database\\Connectors\\{closure}()
#5 D:\\my-code\\kehu-web\\shop_mall\\backend\\vendor\\illuminate\\database\\Connection.php(1064): call_user_func()
#6 D:\\my-code\\kehu-web\\shop_mall\\backend\\vendor\\illuminate\\database\\Connection.php(1100): Illuminate\\Database\\Connection->getPdo()
#7 D:\\my-code\\kehu-web\\shop_mall\\backend\\vendor\\illuminate\\database\\Connection.php(442): Illuminate\\Database\\Connection->getReadPdo()
#8 D:\\my-code\\kehu-web\\shop_mall\\backend\\vendor\\illuminate\\database\\Connection.php(368): Illuminate\\Database\\Connection->getPdoForSelect()
#9 D:\\my-code\\kehu-web\\shop_mall\\backend\\vendor\\illuminate\\database\\Connection.php(705): Illuminate\\Database\\Connection->Illuminate\\Database\\{closure}()
#10 D:\\my-code\\kehu-web\\shop_mall\\backend\\vendor\\illuminate\\database\\Connection.php(672): Illuminate\\Database\\Connection->runQueryCallback()
#11 D:\\my-code\\kehu-web\\shop_mall\\backend\\vendor\\illuminate\\database\\Connection.php(359): Illuminate\\Database\\Connection->run()
#12 D:\\my-code\\kehu-web\\shop_mall\\backend\\vendor\\illuminate\\database\\Query\\Builder.php(2413): Illuminate\\Database\\Connection->select()
#13 D:\\my-code\\kehu-web\\shop_mall\\backend\\vendor\\illuminate\\database\\Query\\Builder.php(2402): Illuminate\\Database\\Query\\Builder->runSelect()
#14 D:\\my-code\\kehu-web\\shop_mall\\backend\\vendor\\illuminate\\database\\Query\\Builder.php(2936): Illuminate\\Database\\Query\\Builder->Illuminate\\Database\\Query\\{closure}()
#15 D:\\my-code\\kehu-web\\shop_mall\\backend\\vendor\\illuminate\\database\\Query\\Builder.php(2401): Illuminate\\Database\\Query\\Builder->onceWithColumns()
#16 D:\\my-code\\kehu-web\\shop_mall\\backend\\vendor\\illuminate\\database\\Eloquent\\Builder.php(625): Illuminate\\Database\\Query\\Builder->get()
#17 D:\\my-code\\kehu-web\\shop_mall\\backend\\vendor\\illuminate\\database\\Eloquent\\Builder.php(609): Illuminate\\Database\\Eloquent\\Builder->getModels()
#18 D:\\my-code\\kehu-web\\shop_mall\\backend\\vendor\\illuminate\\database\\Concerns\\BuildsQueries.php(294): Illuminate\\Database\\Eloquent\\Builder->get()
#19 D:\\my-code\\kehu-web\\shop_mall\\backend\\vendor\\illuminate\\auth\\EloquentUserProvider.php(53): Illuminate\\Database\\Eloquent\\Builder->first()
#20 D:\\my-code\\kehu-web\\shop_mall\\backend\\vendor\\tymon\\jwt-auth\\src\\JWTGuard.php(81): Illuminate\\Auth\\EloquentUserProvider->retrieveById()
#21 D:\\my-code\\kehu-web\\shop_mall\\backend\\vendor\\illuminate\\auth\\GuardHelpers.php(60): Tymon\\JWTAuth\\JWTGuard->user()
#22 D:\\my-code\\kehu-web\\shop_mall\\backend\\vendor\\illuminate\\auth\\GuardHelpers.php(70): Tymon\\JWTAuth\\JWTGuard->check()
#23 D:\\my-code\\kehu-web\\shop_mall\\backend\\app\\Http\\Middleware\\AdminAuthenticate.php(19): Tymon\\JWTAuth\\JWTGuard->guest()
#24 D:\\my-code\\kehu-web\\shop_mall\\backend\\vendor\\illuminate\\pipeline\\Pipeline.php(167): App\\Http\\Middleware\\AdminAuthenticate->handle()
#25 D:\\my-code\\kehu-web\\shop_mall\\backend\\vendor\\laravel\\lumen-framework\\src\\Routing\\Pipeline.php(30): Illuminate\\Pipeline\\Pipeline->Illuminate\\Pipeline\\{closure}()
#26 D:\\my-code\\kehu-web\\shop_mall\\backend\\vendor\\illuminate\\pipeline\\Pipeline.php(103): Laravel\\Lumen\\Routing\\Pipeline->Laravel\\Lumen\\Routing\\{closure}()
#27 D:\\my-code\\kehu-web\\shop_mall\\backend\\vendor\\laravel\\lumen-framework\\src\\Concerns\\RoutesRequests.php(426): Illuminate\\Pipeline\\Pipeline->then()
#28 D:\\my-code\\kehu-web\\shop_mall\\backend\\vendor\\laravel\\lumen-framework\\src\\Concerns\\RoutesRequests.php(261): Laravel\\Lumen\\Application->sendThroughPipeline()
#29 D:\\my-code\\kehu-web\\shop_mall\\backend\\vendor\\laravel\\lumen-framework\\src\\Concerns\\RoutesRequests.php(169): Laravel\\Lumen\\Application->handleFoundRoute()
#30 D:\\my-code\\kehu-web\\shop_mall\\backend\\vendor\\laravel\\lumen-framework\\src\\Routing\\Pipeline.php(48): Laravel\\Lumen\\Application->Laravel\\Lumen\\Concerns\\{closure}()
#31 D:\\my-code\\kehu-web\\shop_mall\\backend\\app\\Http\\Middleware\\CorsMiddleware.php(30): Laravel\\Lumen\\Routing\\Pipeline->Laravel\\Lumen\\Routing\\{closure}()
#32 D:\\my-code\\kehu-web\\shop_mall\\backend\\vendor\\illuminate\\pipeline\\Pipeline.php(167): App\\Http\\Middleware\\CorsMiddleware->handle()
#33 D:\\my-code\\kehu-web\\shop_mall\\backend\\vendor\\laravel\\lumen-framework\\src\\Routing\\Pipeline.php(30): Illuminate\\Pipeline\\Pipeline->Illuminate\\Pipeline\\{closure}()
#34 D:\\my-code\\kehu-web\\shop_mall\\backend\\vendor\\illuminate\\pipeline\\Pipeline.php(103): Laravel\\Lumen\\Routing\\Pipeline->Laravel\\Lumen\\Routing\\{closure}()
#35 D:\\my-code\\kehu-web\\shop_mall\\backend\\vendor\\laravel\\lumen-framework\\src\\Concerns\\RoutesRequests.php(426): Illuminate\\Pipeline\\Pipeline->then()
#36 D:\\my-code\\kehu-web\\shop_mall\\backend\\vendor\\laravel\\lumen-framework\\src\\Concerns\\RoutesRequests.php(165): Laravel\\Lumen\\Application->sendThroughPipeline()
#37 D:\\my-code\\kehu-web\\shop_mall\\backend\\vendor\\laravel\\lumen-framework\\src\\Concerns\\RoutesRequests.php(112): Laravel\\Lumen\\Application->dispatch()
#38 D:\\my-code\\kehu-web\\shop_mall\\backend\\public\\index.php(17): Laravel\\Lumen\\Application->run()
#39 {main}
"} 
[2026-01-15 16:46:14] production.ERROR: SQLSTATE[HY000] [2002] php_network_getaddresses: getaddrinfo for http failed: ²»ÖªµÀÕâÑùµÄÖ÷»ú¡£  (SQL: select * from `admins` where `id` = 1 limit 1) {"exception":"[object] (Illuminate\\Database\\QueryException(code: 2002): SQLSTATE[HY000] [2002] php_network_getaddresses: getaddrinfo for http failed: ï¿½ï¿½Öªï¿½ï¿½ï¿½ï¿½ï¿½ï¿½ï¿½ï¿½ï¿½ï¿½ï¿½ï¿½  (SQL: select * from `admins` where `id` = 1 limit 1) at D:\\my-code\\kehu-web\\shop_mall\\backend\\vendor\\illuminate\\database\\Connection.php:712)
[stacktrace]
#0 D:\\my-code\\kehu-web\\shop_mall\\backend\\vendor\\illuminate\\database\\Connection.php(672): Illuminate\\Database\\Connection->runQueryCallback()
#1 D:\\my-code\\kehu-web\\shop_mall\\backend\\vendor\\illuminate\\database\\Connection.php(359): Illuminate\\Database\\Connection->run()
#2 D:\\my-code\\kehu-web\\shop_mall\\backend\\vendor\\illuminate\\database\\Query\\Builder.php(2413): Illuminate\\Database\\Connection->select()
#3 D:\\my-code\\kehu-web\\shop_mall\\backend\\vendor\\illuminate\\database\\Query\\Builder.php(2402): Illuminate\\Database\\Query\\Builder->runSelect()
#4 D:\\my-code\\kehu-web\\shop_mall\\backend\\vendor\\illuminate\\database\\Query\\Builder.php(2936): Illuminate\\Database\\Query\\Builder->Illuminate\\Database\\Query\\{closure}()
#5 D:\\my-code\\kehu-web\\shop_mall\\backend\\vendor\\illuminate\\database\\Query\\Builder.php(2401): Illuminate\\Database\\Query\\Builder->onceWithColumns()
#6 D:\\my-code\\kehu-web\\shop_mall\\backend\\vendor\\illuminate\\database\\Eloquent\\Builder.php(625): Illuminate\\Database\\Query\\Builder->get()
#7 D:\\my-code\\kehu-web\\shop_mall\\backend\\vendor\\illuminate\\database\\Eloquent\\Builder.php(609): Illuminate\\Database\\Eloquent\\Builder->getModels()
#8 D:\\my-code\\kehu-web\\shop_mall\\backend\\vendor\\illuminate\\database\\Concerns\\BuildsQueries.php(294): Illuminate\\Database\\Eloquent\\Builder->get()
#9 D:\\my-code\\kehu-web\\shop_mall\\backend\\vendor\\illuminate\\auth\\EloquentUserProvider.php(53): Illuminate\\Database\\Eloquent\\Builder->first()
#10 D:\\my-code\\kehu-web\\shop_mall\\backend\\vendor\\tymon\\jwt-auth\\src\\JWTGuard.php(81): Illuminate\\Auth\\EloquentUserProvider->retrieveById()
#11 D:\\my-code\\kehu-web\\shop_mall\\backend\\vendor\\illuminate\\auth\\GuardHelpers.php(60): Tymon\\JWTAuth\\JWTGuard->user()
#12 D:\\my-code\\kehu-web\\shop_mall\\backend\\vendor\\illuminate\\auth\\GuardHelpers.php(70): Tymon\\JWTAuth\\JWTGuard->check()
#13 D:\\my-code\\kehu-web\\shop_mall\\backend\\app\\Http\\Middleware\\AdminAuthenticate.php(19): Tymon\\JWTAuth\\JWTGuard->guest()
#14 D:\\my-code\\kehu-web\\shop_mall\\backend\\vendor\\illuminate\\pipeline\\Pipeline.php(167): App\\Http\\Middleware\\AdminAuthenticate->handle()
#15 D:\\my-code\\kehu-web\\shop_mall\\backend\\vendor\\laravel\\lumen-framework\\src\\Routing\\Pipeline.php(30): Illuminate\\Pipeline\\Pipeline->Illuminate\\Pipeline\\{closure}()
#16 D:\\my-code\\kehu-web\\shop_mall\\backend\\vendor\\illuminate\\pipeline\\Pipeline.php(103): Laravel\\Lumen\\Routing\\Pipeline->Laravel\\Lumen\\Routing\\{closure}()
#17 D:\\my-code\\kehu-web\\shop_mall\\backend\\vendor\\laravel\\lumen-framework\\src\\Concerns\\RoutesRequests.php(426): Illuminate\\Pipeline\\Pipeline->then()
#18 D:\\my-code\\kehu-web\\shop_mall\\backend\\vendor\\laravel\\lumen-framework\\src\\Concerns\\RoutesRequests.php(261): Laravel\\Lumen\\Application->sendThroughPipeline()
#19 D:\\my-code\\kehu-web\\shop_mall\\backend\\vendor\\laravel\\lumen-framework\\src\\Concerns\\RoutesRequests.php(169): Laravel\\Lumen\\Application->handleFoundRoute()
#20 D:\\my-code\\kehu-web\\shop_mall\\backend\\vendor\\laravel\\lumen-framework\\src\\Routing\\Pipeline.php(48): Laravel\\Lumen\\Application->Laravel\\Lumen\\Concerns\\{closure}()
#21 D:\\my-code\\kehu-web\\shop_mall\\backend\\app\\Http\\Middleware\\CorsMiddleware.php(30): Laravel\\Lumen\\Routing\\Pipeline->Laravel\\Lumen\\Routing\\{closure}()
#22 D:\\my-code\\kehu-web\\shop_mall\\backend\\vendor\\illuminate\\pipeline\\Pipeline.php(167): App\\Http\\Middleware\\CorsMiddleware->handle()
#23 D:\\my-code\\kehu-web\\shop_mall\\backend\\vendor\\laravel\\lumen-framework\\src\\Routing\\Pipeline.php(30): Illuminate\\Pipeline\\Pipeline->Illuminate\\Pipeline\\{closure}()
#24 D:\\my-code\\kehu-web\\shop_mall\\backend\\vendor\\illuminate\\pipeline\\Pipeline.php(103): Laravel\\Lumen\\Routing\\Pipeline->Laravel\\Lumen\\Routing\\{closure}()
#25 D:\\my-code\\kehu-web\\shop_mall\\backend\\vendor\\laravel\\lumen-framework\\src\\Concerns\\RoutesRequests.php(426): Illuminate\\Pipeline\\Pipeline->then()
#26 D:\\my-code\\kehu-web\\shop_mall\\backend\\vendor\\laravel\\lumen-framework\\src\\Concerns\\RoutesRequests.php(165): Laravel\\Lumen\\Application->sendThroughPipeline()
#27 D:\\my-code\\kehu-web\\shop_mall\\backend\\vendor\\laravel\\lumen-framework\\src\\Concerns\\RoutesRequests.php(112): Laravel\\Lumen\\Application->dispatch()
#28 D:\\my-code\\kehu-web\\shop_mall\\backend\\public\\index.php(17): Laravel\\Lumen\\Application->run()
#29 {main}

[previous exception] [object] (PDOException(code: 2002): SQLSTATE[HY000] [2002] php_network_getaddresses: getaddrinfo for http failed: ï¿½ï¿½Öªï¿½ï¿½ï¿½ï¿½ï¿½ï¿½ï¿½ï¿½ï¿½ï¿½ï¿½ï¿½  at D:\\my-code\\kehu-web\\shop_mall\\backend\\vendor\\illuminate\\database\\Connectors\\Connector.php:70)
[stacktrace]
#0 D:\\my-code\\kehu-web\\shop_mall\\backend\\vendor\\illuminate\\database\\Connectors\\Connector.php(70): PDO->__construct()
#1 D:\\my-code\\kehu-web\\shop_mall\\backend\\vendor\\illuminate\\database\\Connectors\\Connector.php(45): Illuminate\\Database\\Connectors\\Connector->createPdoConnection()
#2 D:\\my-code\\kehu-web\\shop_mall\\backend\\vendor\\illuminate\\database\\Connectors\\MySqlConnector.php(24): Illuminate\\Database\\Connectors\\Connector->createConnection()
#3 D:\\my-code\\kehu-web\\shop_mall\\backend\\vendor\\illuminate\\database\\Connectors\\ConnectionFactory.php(184): Illuminate\\Database\\Connectors\\MySqlConnector->connect()
#4 [internal function]: Illuminate\\Database\\Connectors\\ConnectionFactory->Illuminate\\Database\\Connectors\\{closure}()
#5 D:\\my-code\\kehu-web\\shop_mall\\backend\\vendor\\illuminate\\database\\Connection.php(1064): call_user_func()
#6 D:\\my-code\\kehu-web\\shop_mall\\backend\\vendor\\illuminate\\database\\Connection.php(1100): Illuminate\\Database\\Connection->getPdo()
#7 D:\\my-code\\kehu-web\\shop_mall\\backend\\vendor\\illuminate\\database\\Connection.php(442): Illuminate\\Database\\Connection->getReadPdo()
#8 D:\\my-code\\kehu-web\\shop_mall\\backend\\vendor\\illuminate\\database\\Connection.php(368): Illuminate\\Database\\Connection->getPdoForSelect()
#9 D:\\my-code\\kehu-web\\shop_mall\\backend\\vendor\\illuminate\\database\\Connection.php(705): Illuminate\\Database\\Connection->Illuminate\\Database\\{closure}()
#10 D:\\my-code\\kehu-web\\shop_mall\\backend\\vendor\\illuminate\\database\\Connection.php(672): Illuminate\\Database\\Connection->runQueryCallback()
#11 D:\\my-code\\kehu-web\\shop_mall\\backend\\vendor\\illuminate\\database\\Connection.php(359): Illuminate\\Database\\Connection->run()
#12 D:\\my-code\\kehu-web\\shop_mall\\backend\\vendor\\illuminate\\database\\Query\\Builder.php(2413): Illuminate\\Database\\Connection->select()
#13 D:\\my-code\\kehu-web\\shop_mall\\backend\\vendor\\illuminate\\database\\Query\\Builder.php(2402): Illuminate\\Database\\Query\\Builder->runSelect()
#14 D:\\my-code\\kehu-web\\shop_mall\\backend\\vendor\\illuminate\\database\\Query\\Builder.php(2936): Illuminate\\Database\\Query\\Builder->Illuminate\\Database\\Query\\{closure}()
#15 D:\\my-code\\kehu-web\\shop_mall\\backend\\vendor\\illuminate\\database\\Query\\Builder.php(2401): Illuminate\\Database\\Query\\Builder->onceWithColumns()
#16 D:\\my-code\\kehu-web\\shop_mall\\backend\\vendor\\illuminate\\database\\Eloquent\\Builder.php(625): Illuminate\\Database\\Query\\Builder->get()
#17 D:\\my-code\\kehu-web\\shop_mall\\backend\\vendor\\illuminate\\database\\Eloquent\\Builder.php(609): Illuminate\\Database\\Eloquent\\Builder->getModels()
#18 D:\\my-code\\kehu-web\\shop_mall\\backend\\vendor\\illuminate\\database\\Concerns\\BuildsQueries.php(294): Illuminate\\Database\\Eloquent\\Builder->get()
#19 D:\\my-code\\kehu-web\\shop_mall\\backend\\vendor\\illuminate\\auth\\EloquentUserProvider.php(53): Illuminate\\Database\\Eloquent\\Builder->first()
#20 D:\\my-code\\kehu-web\\shop_mall\\backend\\vendor\\tymon\\jwt-auth\\src\\JWTGuard.php(81): Illuminate\\Auth\\EloquentUserProvider->retrieveById()
#21 D:\\my-code\\kehu-web\\shop_mall\\backend\\vendor\\illuminate\\auth\\GuardHelpers.php(60): Tymon\\JWTAuth\\JWTGuard->user()
#22 D:\\my-code\\kehu-web\\shop_mall\\backend\\vendor\\illuminate\\auth\\GuardHelpers.php(70): Tymon\\JWTAuth\\JWTGuard->check()
#23 D:\\my-code\\kehu-web\\shop_mall\\backend\\app\\Http\\Middleware\\AdminAuthenticate.php(19): Tymon\\JWTAuth\\JWTGuard->guest()
#24 D:\\my-code\\kehu-web\\shop_mall\\backend\\vendor\\illuminate\\pipeline\\Pipeline.php(167): App\\Http\\Middleware\\AdminAuthenticate->handle()
#25 D:\\my-code\\kehu-web\\shop_mall\\backend\\vendor\\laravel\\lumen-framework\\src\\Routing\\Pipeline.php(30): Illuminate\\Pipeline\\Pipeline->Illuminate\\Pipeline\\{closure}()
#26 D:\\my-code\\kehu-web\\shop_mall\\backend\\vendor\\illuminate\\pipeline\\Pipeline.php(103): Laravel\\Lumen\\Routing\\Pipeline->Laravel\\Lumen\\Routing\\{closure}()
#27 D:\\my-code\\kehu-web\\shop_mall\\backend\\vendor\\laravel\\lumen-framework\\src\\Concerns\\RoutesRequests.php(426): Illuminate\\Pipeline\\Pipeline->then()
#28 D:\\my-code\\kehu-web\\shop_mall\\backend\\vendor\\laravel\\lumen-framework\\src\\Concerns\\RoutesRequests.php(261): Laravel\\Lumen\\Application->sendThroughPipeline()
#29 D:\\my-code\\kehu-web\\shop_mall\\backend\\vendor\\laravel\\lumen-framework\\src\\Concerns\\RoutesRequests.php(169): Laravel\\Lumen\\Application->handleFoundRoute()
#30 D:\\my-code\\kehu-web\\shop_mall\\backend\\vendor\\laravel\\lumen-framework\\src\\Routing\\Pipeline.php(48): Laravel\\Lumen\\Application->Laravel\\Lumen\\Concerns\\{closure}()
#31 D:\\my-code\\kehu-web\\shop_mall\\backend\\app\\Http\\Middleware\\CorsMiddleware.php(30): Laravel\\Lumen\\Routing\\Pipeline->Laravel\\Lumen\\Routing\\{closure}()
#32 D:\\my-code\\kehu-web\\shop_mall\\backend\\vendor\\illuminate\\pipeline\\Pipeline.php(167): App\\Http\\Middleware\\CorsMiddleware->handle()
#33 D:\\my-code\\kehu-web\\shop_mall\\backend\\vendor\\laravel\\lumen-framework\\src\\Routing\\Pipeline.php(30): Illuminate\\Pipeline\\Pipeline->Illuminate\\Pipeline\\{closure}()
#34 D:\\my-code\\kehu-web\\shop_mall\\backend\\vendor\\illuminate\\pipeline\\Pipeline.php(103): Laravel\\Lumen\\Routing\\Pipeline->Laravel\\Lumen\\Routing\\{closure}()
#35 D:\\my-code\\kehu-web\\shop_mall\\backend\\vendor\\laravel\\lumen-framework\\src\\Concerns\\RoutesRequests.php(426): Illuminate\\Pipeline\\Pipeline->then()
#36 D:\\my-code\\kehu-web\\shop_mall\\backend\\vendor\\laravel\\lumen-framework\\src\\Concerns\\RoutesRequests.php(165): Laravel\\Lumen\\Application->sendThroughPipeline()
#37 D:\\my-code\\kehu-web\\shop_mall\\backend\\vendor\\laravel\\lumen-framework\\src\\Concerns\\RoutesRequests.php(112): Laravel\\Lumen\\Application->dispatch()
#38 D:\\my-code\\kehu-web\\shop_mall\\backend\\public\\index.php(17): Laravel\\Lumen\\Application->run()
#39 {main}

[previous exception] [object] (PDOException(code: 0): PDO::__construct(): php_network_getaddresses: getaddrinfo for http failed: ï¿½ï¿½Öªï¿½ï¿½ï¿½ï¿½ï¿½ï¿½ï¿½ï¿½ï¿½ï¿½ï¿½ï¿½  at D:\\my-code\\kehu-web\\shop_mall\\backend\\vendor\\illuminate\\database\\Connectors\\Connector.php:70)
[stacktrace]
#0 D:\\my-code\\kehu-web\\shop_mall\\backend\\vendor\\illuminate\\database\\Connectors\\Connector.php(70): PDO->__construct()
#1 D:\\my-code\\kehu-web\\shop_mall\\backend\\vendor\\illuminate\\database\\Connectors\\Connector.php(45): Illuminate\\Database\\Connectors\\Connector->createPdoConnection()
#2 D:\\my-code\\kehu-web\\shop_mall\\backend\\vendor\\illuminate\\database\\Connectors\\MySqlConnector.php(24): Illuminate\\Database\\Connectors\\Connector->createConnection()
#3 D:\\my-code\\kehu-web\\shop_mall\\backend\\vendor\\illuminate\\database\\Connectors\\ConnectionFactory.php(184): Illuminate\\Database\\Connectors\\MySqlConnector->connect()
#4 [internal function]: Illuminate\\Database\\Connectors\\ConnectionFactory->Illuminate\\Database\\Connectors\\{closure}()
#5 D:\\my-code\\kehu-web\\shop_mall\\backend\\vendor\\illuminate\\database\\Connection.php(1064): call_user_func()
#6 D:\\my-code\\kehu-web\\shop_mall\\backend\\vendor\\illuminate\\database\\Connection.php(1100): Illuminate\\Database\\Connection->getPdo()
#7 D:\\my-code\\kehu-web\\shop_mall\\backend\\vendor\\illuminate\\database\\Connection.php(442): Illuminate\\Database\\Connection->getReadPdo()
#8 D:\\my-code\\kehu-web\\shop_mall\\backend\\vendor\\illuminate\\database\\Connection.php(368): Illuminate\\Database\\Connection->getPdoForSelect()
#9 D:\\my-code\\kehu-web\\shop_mall\\backend\\vendor\\illuminate\\database\\Connection.php(705): Illuminate\\Database\\Connection->Illuminate\\Database\\{closure}()
#10 D:\\my-code\\kehu-web\\shop_mall\\backend\\vendor\\illuminate\\database\\Connection.php(672): Illuminate\\Database\\Connection->runQueryCallback()
#11 D:\\my-code\\kehu-web\\shop_mall\\backend\\vendor\\illuminate\\database\\Connection.php(359): Illuminate\\Database\\Connection->run()
#12 D:\\my-code\\kehu-web\\shop_mall\\backend\\vendor\\illuminate\\database\\Query\\Builder.php(2413): Illuminate\\Database\\Connection->select()
#13 D:\\my-code\\kehu-web\\shop_mall\\backend\\vendor\\illuminate\\database\\Query\\Builder.php(2402): Illuminate\\Database\\Query\\Builder->runSelect()
#14 D:\\my-code\\kehu-web\\shop_mall\\backend\\vendor\\illuminate\\database\\Query\\Builder.php(2936): Illuminate\\Database\\Query\\Builder->Illuminate\\Database\\Query\\{closure}()
#15 D:\\my-code\\kehu-web\\shop_mall\\backend\\vendor\\illuminate\\database\\Query\\Builder.php(2401): Illuminate\\Database\\Query\\Builder->onceWithColumns()
#16 D:\\my-code\\kehu-web\\shop_mall\\backend\\vendor\\illuminate\\database\\Eloquent\\Builder.php(625): Illuminate\\Database\\Query\\Builder->get()
#17 D:\\my-code\\kehu-web\\shop_mall\\backend\\vendor\\illuminate\\database\\Eloquent\\Builder.php(609): Illuminate\\Database\\Eloquent\\Builder->getModels()
#18 D:\\my-code\\kehu-web\\shop_mall\\backend\\vendor\\illuminate\\database\\Concerns\\BuildsQueries.php(294): Illuminate\\Database\\Eloquent\\Builder->get()
#19 D:\\my-code\\kehu-web\\shop_mall\\backend\\vendor\\illuminate\\auth\\EloquentUserProvider.php(53): Illuminate\\Database\\Eloquent\\Builder->first()
#20 D:\\my-code\\kehu-web\\shop_mall\\backend\\vendor\\tymon\\jwt-auth\\src\\JWTGuard.php(81): Illuminate\\Auth\\EloquentUserProvider->retrieveById()
#21 D:\\my-code\\kehu-web\\shop_mall\\backend\\vendor\\illuminate\\auth\\GuardHelpers.php(60): Tymon\\JWTAuth\\JWTGuard->user()
#22 D:\\my-code\\kehu-web\\shop_mall\\backend\\vendor\\illuminate\\auth\\GuardHelpers.php(70): Tymon\\JWTAuth\\JWTGuard->check()
#23 D:\\my-code\\kehu-web\\shop_mall\\backend\\app\\Http\\Middleware\\AdminAuthenticate.php(19): Tymon\\JWTAuth\\JWTGuard->guest()
#24 D:\\my-code\\kehu-web\\shop_mall\\backend\\vendor\\illuminate\\pipeline\\Pipeline.php(167): App\\Http\\Middleware\\AdminAuthenticate->handle()
#25 D:\\my-code\\kehu-web\\shop_mall\\backend\\vendor\\laravel\\lumen-framework\\src\\Routing\\Pipeline.php(30): Illuminate\\Pipeline\\Pipeline->Illuminate\\Pipeline\\{closure}()
#26 D:\\my-code\\kehu-web\\shop_mall\\backend\\vendor\\illuminate\\pipeline\\Pipeline.php(103): Laravel\\Lumen\\Routing\\Pipeline->Laravel\\Lumen\\Routing\\{closure}()
#27 D:\\my-code\\kehu-web\\shop_mall\\backend\\vendor\\laravel\\lumen-framework\\src\\Concerns\\RoutesRequests.php(426): Illuminate\\Pipeline\\Pipeline->then()
#28 D:\\my-code\\kehu-web\\shop_mall\\backend\\vendor\\laravel\\lumen-framework\\src\\Concerns\\RoutesRequests.php(261): Laravel\\Lumen\\Application->sendThroughPipeline()
#29 D:\\my-code\\kehu-web\\shop_mall\\backend\\vendor\\laravel\\lumen-framework\\src\\Concerns\\RoutesRequests.php(169): Laravel\\Lumen\\Application->handleFoundRoute()
#30 D:\\my-code\\kehu-web\\shop_mall\\backend\\vendor\\laravel\\lumen-framework\\src\\Routing\\Pipeline.php(48): Laravel\\Lumen\\Application->Laravel\\Lumen\\Concerns\\{closure}()
#31 D:\\my-code\\kehu-web\\shop_mall\\backend\\app\\Http\\Middleware\\CorsMiddleware.php(30): Laravel\\Lumen\\Routing\\Pipeline->Laravel\\Lumen\\Routing\\{closure}()
#32 D:\\my-code\\kehu-web\\shop_mall\\backend\\vendor\\illuminate\\pipeline\\Pipeline.php(167): App\\Http\\Middleware\\CorsMiddleware->handle()
#33 D:\\my-code\\kehu-web\\shop_mall\\backend\\vendor\\laravel\\lumen-framework\\src\\Routing\\Pipeline.php(30): Illuminate\\Pipeline\\Pipeline->Illuminate\\Pipeline\\{closure}()
#34 D:\\my-code\\kehu-web\\shop_mall\\backend\\vendor\\illuminate\\pipeline\\Pipeline.php(103): Laravel\\Lumen\\Routing\\Pipeline->Laravel\\Lumen\\Routing\\{closure}()
#35 D:\\my-code\\kehu-web\\shop_mall\\backend\\vendor\\laravel\\lumen-framework\\src\\Concerns\\RoutesRequests.php(426): Illuminate\\Pipeline\\Pipeline->then()
#36 D:\\my-code\\kehu-web\\shop_mall\\backend\\vendor\\laravel\\lumen-framework\\src\\Concerns\\RoutesRequests.php(165): Laravel\\Lumen\\Application->sendThroughPipeline()
#37 D:\\my-code\\kehu-web\\shop_mall\\backend\\vendor\\laravel\\lumen-framework\\src\\Concerns\\RoutesRequests.php(112): Laravel\\Lumen\\Application->dispatch()
#38 D:\\my-code\\kehu-web\\shop_mall\\backend\\public\\index.php(17): Laravel\\Lumen\\Application->run()
#39 {main}
"} 
[2026-01-15 16:47:12] production.ERROR: SQLSTATE[HY000] [2002] php_network_getaddresses: getaddrinfo for http failed: ²»ÖªµÀÕâÑùµÄÖ÷»ú¡£  (SQL: select * from `admins` where `id` = 1 limit 1) {"exception":"[object] (Illuminate\\Database\\QueryException(code: 2002): SQLSTATE[HY000] [2002] php_network_getaddresses: getaddrinfo for http failed: ï¿½ï¿½Öªï¿½ï¿½ï¿½ï¿½ï¿½ï¿½ï¿½ï¿½ï¿½ï¿½ï¿½ï¿½  (SQL: select * from `admins` where `id` = 1 limit 1) at D:\\my-code\\kehu-web\\shop_mall\\backend\\vendor\\illuminate\\database\\Connection.php:712)
[stacktrace]
#0 D:\\my-code\\kehu-web\\shop_mall\\backend\\vendor\\illuminate\\database\\Connection.php(672): Illuminate\\Database\\Connection->runQueryCallback()
#1 D:\\my-code\\kehu-web\\shop_mall\\backend\\vendor\\illuminate\\database\\Connection.php(359): Illuminate\\Database\\Connection->run()
#2 D:\\my-code\\kehu-web\\shop_mall\\backend\\vendor\\illuminate\\database\\Query\\Builder.php(2413): Illuminate\\Database\\Connection->select()
#3 D:\\my-code\\kehu-web\\shop_mall\\backend\\vendor\\illuminate\\database\\Query\\Builder.php(2402): Illuminate\\Database\\Query\\Builder->runSelect()
#4 D:\\my-code\\kehu-web\\shop_mall\\backend\\vendor\\illuminate\\database\\Query\\Builder.php(2936): Illuminate\\Database\\Query\\Builder->Illuminate\\Database\\Query\\{closure}()
#5 D:\\my-code\\kehu-web\\shop_mall\\backend\\vendor\\illuminate\\database\\Query\\Builder.php(2401): Illuminate\\Database\\Query\\Builder->onceWithColumns()
#6 D:\\my-code\\kehu-web\\shop_mall\\backend\\vendor\\illuminate\\database\\Eloquent\\Builder.php(625): Illuminate\\Database\\Query\\Builder->get()
#7 D:\\my-code\\kehu-web\\shop_mall\\backend\\vendor\\illuminate\\database\\Eloquent\\Builder.php(609): Illuminate\\Database\\Eloquent\\Builder->getModels()
#8 D:\\my-code\\kehu-web\\shop_mall\\backend\\vendor\\illuminate\\database\\Concerns\\BuildsQueries.php(294): Illuminate\\Database\\Eloquent\\Builder->get()
#9 D:\\my-code\\kehu-web\\shop_mall\\backend\\vendor\\illuminate\\auth\\EloquentUserProvider.php(53): Illuminate\\Database\\Eloquent\\Builder->first()
#10 D:\\my-code\\kehu-web\\shop_mall\\backend\\vendor\\tymon\\jwt-auth\\src\\JWTGuard.php(81): Illuminate\\Auth\\EloquentUserProvider->retrieveById()
#11 D:\\my-code\\kehu-web\\shop_mall\\backend\\vendor\\illuminate\\auth\\GuardHelpers.php(60): Tymon\\JWTAuth\\JWTGuard->user()
#12 D:\\my-code\\kehu-web\\shop_mall\\backend\\vendor\\illuminate\\auth\\GuardHelpers.php(70): Tymon\\JWTAuth\\JWTGuard->check()
#13 D:\\my-code\\kehu-web\\shop_mall\\backend\\app\\Http\\Middleware\\AdminAuthenticate.php(19): Tymon\\JWTAuth\\JWTGuard->guest()
#14 D:\\my-code\\kehu-web\\shop_mall\\backend\\vendor\\illuminate\\pipeline\\Pipeline.php(167): App\\Http\\Middleware\\AdminAuthenticate->handle()
#15 D:\\my-code\\kehu-web\\shop_mall\\backend\\vendor\\laravel\\lumen-framework\\src\\Routing\\Pipeline.php(30): Illuminate\\Pipeline\\Pipeline->Illuminate\\Pipeline\\{closure}()
#16 D:\\my-code\\kehu-web\\shop_mall\\backend\\vendor\\illuminate\\pipeline\\Pipeline.php(103): Laravel\\Lumen\\Routing\\Pipeline->Laravel\\Lumen\\Routing\\{closure}()
#17 D:\\my-code\\kehu-web\\shop_mall\\backend\\vendor\\laravel\\lumen-framework\\src\\Concerns\\RoutesRequests.php(426): Illuminate\\Pipeline\\Pipeline->then()
#18 D:\\my-code\\kehu-web\\shop_mall\\backend\\vendor\\laravel\\lumen-framework\\src\\Concerns\\RoutesRequests.php(261): Laravel\\Lumen\\Application->sendThroughPipeline()
#19 D:\\my-code\\kehu-web\\shop_mall\\backend\\vendor\\laravel\\lumen-framework\\src\\Concerns\\RoutesRequests.php(169): Laravel\\Lumen\\Application->handleFoundRoute()
#20 D:\\my-code\\kehu-web\\shop_mall\\backend\\vendor\\laravel\\lumen-framework\\src\\Routing\\Pipeline.php(48): Laravel\\Lumen\\Application->Laravel\\Lumen\\Concerns\\{closure}()
#21 D:\\my-code\\kehu-web\\shop_mall\\backend\\app\\Http\\Middleware\\CorsMiddleware.php(30): Laravel\\Lumen\\Routing\\Pipeline->Laravel\\Lumen\\Routing\\{closure}()
#22 D:\\my-code\\kehu-web\\shop_mall\\backend\\vendor\\illuminate\\pipeline\\Pipeline.php(167): App\\Http\\Middleware\\CorsMiddleware->handle()
#23 D:\\my-code\\kehu-web\\shop_mall\\backend\\vendor\\laravel\\lumen-framework\\src\\Routing\\Pipeline.php(30): Illuminate\\Pipeline\\Pipeline->Illuminate\\Pipeline\\{closure}()
#24 D:\\my-code\\kehu-web\\shop_mall\\backend\\vendor\\illuminate\\pipeline\\Pipeline.php(103): Laravel\\Lumen\\Routing\\Pipeline->Laravel\\Lumen\\Routing\\{closure}()
#25 D:\\my-code\\kehu-web\\shop_mall\\backend\\vendor\\laravel\\lumen-framework\\src\\Concerns\\RoutesRequests.php(426): Illuminate\\Pipeline\\Pipeline->then()
#26 D:\\my-code\\kehu-web\\shop_mall\\backend\\vendor\\laravel\\lumen-framework\\src\\Concerns\\RoutesRequests.php(165): Laravel\\Lumen\\Application->sendThroughPipeline()
#27 D:\\my-code\\kehu-web\\shop_mall\\backend\\vendor\\laravel\\lumen-framework\\src\\Concerns\\RoutesRequests.php(112): Laravel\\Lumen\\Application->dispatch()
#28 D:\\my-code\\kehu-web\\shop_mall\\backend\\public\\index.php(17): Laravel\\Lumen\\Application->run()
#29 {main}

[previous exception] [object] (PDOException(code: 2002): SQLSTATE[HY000] [2002] php_network_getaddresses: getaddrinfo for http failed: ï¿½ï¿½Öªï¿½ï¿½ï¿½ï¿½ï¿½ï¿½ï¿½ï¿½ï¿½ï¿½ï¿½ï¿½  at D:\\my-code\\kehu-web\\shop_mall\\backend\\vendor\\illuminate\\database\\Connectors\\Connector.php:70)
[stacktrace]
#0 D:\\my-code\\kehu-web\\shop_mall\\backend\\vendor\\illuminate\\database\\Connectors\\Connector.php(70): PDO->__construct()
#1 D:\\my-code\\kehu-web\\shop_mall\\backend\\vendor\\illuminate\\database\\Connectors\\Connector.php(45): Illuminate\\Database\\Connectors\\Connector->createPdoConnection()
#2 D:\\my-code\\kehu-web\\shop_mall\\backend\\vendor\\illuminate\\database\\Connectors\\MySqlConnector.php(24): Illuminate\\Database\\Connectors\\Connector->createConnection()
#3 D:\\my-code\\kehu-web\\shop_mall\\backend\\vendor\\illuminate\\database\\Connectors\\ConnectionFactory.php(184): Illuminate\\Database\\Connectors\\MySqlConnector->connect()
#4 [internal function]: Illuminate\\Database\\Connectors\\ConnectionFactory->Illuminate\\Database\\Connectors\\{closure}()
#5 D:\\my-code\\kehu-web\\shop_mall\\backend\\vendor\\illuminate\\database\\Connection.php(1064): call_user_func()
#6 D:\\my-code\\kehu-web\\shop_mall\\backend\\vendor\\illuminate\\database\\Connection.php(1100): Illuminate\\Database\\Connection->getPdo()
#7 D:\\my-code\\kehu-web\\shop_mall\\backend\\vendor\\illuminate\\database\\Connection.php(442): Illuminate\\Database\\Connection->getReadPdo()
#8 D:\\my-code\\kehu-web\\shop_mall\\backend\\vendor\\illuminate\\database\\Connection.php(368): Illuminate\\Database\\Connection->getPdoForSelect()
#9 D:\\my-code\\kehu-web\\shop_mall\\backend\\vendor\\illuminate\\database\\Connection.php(705): Illuminate\\Database\\Connection->Illuminate\\Database\\{closure}()
#10 D:\\my-code\\kehu-web\\shop_mall\\backend\\vendor\\illuminate\\database\\Connection.php(672): Illuminate\\Database\\Connection->runQueryCallback()
#11 D:\\my-code\\kehu-web\\shop_mall\\backend\\vendor\\illuminate\\database\\Connection.php(359): Illuminate\\Database\\Connection->run()
#12 D:\\my-code\\kehu-web\\shop_mall\\backend\\vendor\\illuminate\\database\\Query\\Builder.php(2413): Illuminate\\Database\\Connection->select()
#13 D:\\my-code\\kehu-web\\shop_mall\\backend\\vendor\\illuminate\\database\\Query\\Builder.php(2402): Illuminate\\Database\\Query\\Builder->runSelect()
#14 D:\\my-code\\kehu-web\\shop_mall\\backend\\vendor\\illuminate\\database\\Query\\Builder.php(2936): Illuminate\\Database\\Query\\Builder->Illuminate\\Database\\Query\\{closure}()
#15 D:\\my-code\\kehu-web\\shop_mall\\backend\\vendor\\illuminate\\database\\Query\\Builder.php(2401): Illuminate\\Database\\Query\\Builder->onceWithColumns()
#16 D:\\my-code\\kehu-web\\shop_mall\\backend\\vendor\\illuminate\\database\\Eloquent\\Builder.php(625): Illuminate\\Database\\Query\\Builder->get()
#17 D:\\my-code\\kehu-web\\shop_mall\\backend\\vendor\\illuminate\\database\\Eloquent\\Builder.php(609): Illuminate\\Database\\Eloquent\\Builder->getModels()
#18 D:\\my-code\\kehu-web\\shop_mall\\backend\\vendor\\illuminate\\database\\Concerns\\BuildsQueries.php(294): Illuminate\\Database\\Eloquent\\Builder->get()
#19 D:\\my-code\\kehu-web\\shop_mall\\backend\\vendor\\illuminate\\auth\\EloquentUserProvider.php(53): Illuminate\\Database\\Eloquent\\Builder->first()
#20 D:\\my-code\\kehu-web\\shop_mall\\backend\\vendor\\tymon\\jwt-auth\\src\\JWTGuard.php(81): Illuminate\\Auth\\EloquentUserProvider->retrieveById()
#21 D:\\my-code\\kehu-web\\shop_mall\\backend\\vendor\\illuminate\\auth\\GuardHelpers.php(60): Tymon\\JWTAuth\\JWTGuard->user()
#22 D:\\my-code\\kehu-web\\shop_mall\\backend\\vendor\\illuminate\\auth\\GuardHelpers.php(70): Tymon\\JWTAuth\\JWTGuard->check()
#23 D:\\my-code\\kehu-web\\shop_mall\\backend\\app\\Http\\Middleware\\AdminAuthenticate.php(19): Tymon\\JWTAuth\\JWTGuard->guest()
#24 D:\\my-code\\kehu-web\\shop_mall\\backend\\vendor\\illuminate\\pipeline\\Pipeline.php(167): App\\Http\\Middleware\\AdminAuthenticate->handle()
#25 D:\\my-code\\kehu-web\\shop_mall\\backend\\vendor\\laravel\\lumen-framework\\src\\Routing\\Pipeline.php(30): Illuminate\\Pipeline\\Pipeline->Illuminate\\Pipeline\\{closure}()
#26 D:\\my-code\\kehu-web\\shop_mall\\backend\\vendor\\illuminate\\pipeline\\Pipeline.php(103): Laravel\\Lumen\\Routing\\Pipeline->Laravel\\Lumen\\Routing\\{closure}()
#27 D:\\my-code\\kehu-web\\shop_mall\\backend\\vendor\\laravel\\lumen-framework\\src\\Concerns\\RoutesRequests.php(426): Illuminate\\Pipeline\\Pipeline->then()
#28 D:\\my-code\\kehu-web\\shop_mall\\backend\\vendor\\laravel\\lumen-framework\\src\\Concerns\\RoutesRequests.php(261): Laravel\\Lumen\\Application->sendThroughPipeline()
#29 D:\\my-code\\kehu-web\\shop_mall\\backend\\vendor\\laravel\\lumen-framework\\src\\Concerns\\RoutesRequests.php(169): Laravel\\Lumen\\Application->handleFoundRoute()
#30 D:\\my-code\\kehu-web\\shop_mall\\backend\\vendor\\laravel\\lumen-framework\\src\\Routing\\Pipeline.php(48): Laravel\\Lumen\\Application->Laravel\\Lumen\\Concerns\\{closure}()
#31 D:\\my-code\\kehu-web\\shop_mall\\backend\\app\\Http\\Middleware\\CorsMiddleware.php(30): Laravel\\Lumen\\Routing\\Pipeline->Laravel\\Lumen\\Routing\\{closure}()
#32 D:\\my-code\\kehu-web\\shop_mall\\backend\\vendor\\illuminate\\pipeline\\Pipeline.php(167): App\\Http\\Middleware\\CorsMiddleware->handle()
#33 D:\\my-code\\kehu-web\\shop_mall\\backend\\vendor\\laravel\\lumen-framework\\src\\Routing\\Pipeline.php(30): Illuminate\\Pipeline\\Pipeline->Illuminate\\Pipeline\\{closure}()
#34 D:\\my-code\\kehu-web\\shop_mall\\backend\\vendor\\illuminate\\pipeline\\Pipeline.php(103): Laravel\\Lumen\\Routing\\Pipeline->Laravel\\Lumen\\Routing\\{closure}()
#35 D:\\my-code\\kehu-web\\shop_mall\\backend\\vendor\\laravel\\lumen-framework\\src\\Concerns\\RoutesRequests.php(426): Illuminate\\Pipeline\\Pipeline->then()
#36 D:\\my-code\\kehu-web\\shop_mall\\backend\\vendor\\laravel\\lumen-framework\\src\\Concerns\\RoutesRequests.php(165): Laravel\\Lumen\\Application->sendThroughPipeline()
#37 D:\\my-code\\kehu-web\\shop_mall\\backend\\vendor\\laravel\\lumen-framework\\src\\Concerns\\RoutesRequests.php(112): Laravel\\Lumen\\Application->dispatch()
#38 D:\\my-code\\kehu-web\\shop_mall\\backend\\public\\index.php(17): Laravel\\Lumen\\Application->run()
#39 {main}

[previous exception] [object] (PDOException(code: 0): PDO::__construct(): php_network_getaddresses: getaddrinfo for http failed: ï¿½ï¿½Öªï¿½ï¿½ï¿½ï¿½ï¿½ï¿½ï¿½ï¿½ï¿½ï¿½ï¿½ï¿½  at D:\\my-code\\kehu-web\\shop_mall\\backend\\vendor\\illuminate\\database\\Connectors\\Connector.php:70)
[stacktrace]
#0 D:\\my-code\\kehu-web\\shop_mall\\backend\\vendor\\illuminate\\database\\Connectors\\Connector.php(70): PDO->__construct()
#1 D:\\my-code\\kehu-web\\shop_mall\\backend\\vendor\\illuminate\\database\\Connectors\\Connector.php(45): Illuminate\\Database\\Connectors\\Connector->createPdoConnection()
#2 D:\\my-code\\kehu-web\\shop_mall\\backend\\vendor\\illuminate\\database\\Connectors\\MySqlConnector.php(24): Illuminate\\Database\\Connectors\\Connector->createConnection()
#3 D:\\my-code\\kehu-web\\shop_mall\\backend\\vendor\\illuminate\\database\\Connectors\\ConnectionFactory.php(184): Illuminate\\Database\\Connectors\\MySqlConnector->connect()
#4 [internal function]: Illuminate\\Database\\Connectors\\ConnectionFactory->Illuminate\\Database\\Connectors\\{closure}()
#5 D:\\my-code\\kehu-web\\shop_mall\\backend\\vendor\\illuminate\\database\\Connection.php(1064): call_user_func()
#6 D:\\my-code\\kehu-web\\shop_mall\\backend\\vendor\\illuminate\\database\\Connection.php(1100): Illuminate\\Database\\Connection->getPdo()
#7 D:\\my-code\\kehu-web\\shop_mall\\backend\\vendor\\illuminate\\database\\Connection.php(442): Illuminate\\Database\\Connection->getReadPdo()
#8 D:\\my-code\\kehu-web\\shop_mall\\backend\\vendor\\illuminate\\database\\Connection.php(368): Illuminate\\Database\\Connection->getPdoForSelect()
#9 D:\\my-code\\kehu-web\\shop_mall\\backend\\vendor\\illuminate\\database\\Connection.php(705): Illuminate\\Database\\Connection->Illuminate\\Database\\{closure}()
#10 D:\\my-code\\kehu-web\\shop_mall\\backend\\vendor\\illuminate\\database\\Connection.php(672): Illuminate\\Database\\Connection->runQueryCallback()
#11 D:\\my-code\\kehu-web\\shop_mall\\backend\\vendor\\illuminate\\database\\Connection.php(359): Illuminate\\Database\\Connection->run()
#12 D:\\my-code\\kehu-web\\shop_mall\\backend\\vendor\\illuminate\\database\\Query\\Builder.php(2413): Illuminate\\Database\\Connection->select()
#13 D:\\my-code\\kehu-web\\shop_mall\\backend\\vendor\\illuminate\\database\\Query\\Builder.php(2402): Illuminate\\Database\\Query\\Builder->runSelect()
#14 D:\\my-code\\kehu-web\\shop_mall\\backend\\vendor\\illuminate\\database\\Query\\Builder.php(2936): Illuminate\\Database\\Query\\Builder->Illuminate\\Database\\Query\\{closure}()
#15 D:\\my-code\\kehu-web\\shop_mall\\backend\\vendor\\illuminate\\database\\Query\\Builder.php(2401): Illuminate\\Database\\Query\\Builder->onceWithColumns()
#16 D:\\my-code\\kehu-web\\shop_mall\\backend\\vendor\\illuminate\\database\\Eloquent\\Builder.php(625): Illuminate\\Database\\Query\\Builder->get()
#17 D:\\my-code\\kehu-web\\shop_mall\\backend\\vendor\\illuminate\\database\\Eloquent\\Builder.php(609): Illuminate\\Database\\Eloquent\\Builder->getModels()
#18 D:\\my-code\\kehu-web\\shop_mall\\backend\\vendor\\illuminate\\database\\Concerns\\BuildsQueries.php(294): Illuminate\\Database\\Eloquent\\Builder->get()
#19 D:\\my-code\\kehu-web\\shop_mall\\backend\\vendor\\illuminate\\auth\\EloquentUserProvider.php(53): Illuminate\\Database\\Eloquent\\Builder->first()
#20 D:\\my-code\\kehu-web\\shop_mall\\backend\\vendor\\tymon\\jwt-auth\\src\\JWTGuard.php(81): Illuminate\\Auth\\EloquentUserProvider->retrieveById()
#21 D:\\my-code\\kehu-web\\shop_mall\\backend\\vendor\\illuminate\\auth\\GuardHelpers.php(60): Tymon\\JWTAuth\\JWTGuard->user()
#22 D:\\my-code\\kehu-web\\shop_mall\\backend\\vendor\\illuminate\\auth\\GuardHelpers.php(70): Tymon\\JWTAuth\\JWTGuard->check()
#23 D:\\my-code\\kehu-web\\shop_mall\\backend\\app\\Http\\Middleware\\AdminAuthenticate.php(19): Tymon\\JWTAuth\\JWTGuard->guest()
#24 D:\\my-code\\kehu-web\\shop_mall\\backend\\vendor\\illuminate\\pipeline\\Pipeline.php(167): App\\Http\\Middleware\\AdminAuthenticate->handle()
#25 D:\\my-code\\kehu-web\\shop_mall\\backend\\vendor\\laravel\\lumen-framework\\src\\Routing\\Pipeline.php(30): Illuminate\\Pipeline\\Pipeline->Illuminate\\Pipeline\\{closure}()
#26 D:\\my-code\\kehu-web\\shop_mall\\backend\\vendor\\illuminate\\pipeline\\Pipeline.php(103): Laravel\\Lumen\\Routing\\Pipeline->Laravel\\Lumen\\Routing\\{closure}()
#27 D:\\my-code\\kehu-web\\shop_mall\\backend\\vendor\\laravel\\lumen-framework\\src\\Concerns\\RoutesRequests.php(426): Illuminate\\Pipeline\\Pipeline->then()
#28 D:\\my-code\\kehu-web\\shop_mall\\backend\\vendor\\laravel\\lumen-framework\\src\\Concerns\\RoutesRequests.php(261): Laravel\\Lumen\\Application->sendThroughPipeline()
#29 D:\\my-code\\kehu-web\\shop_mall\\backend\\vendor\\laravel\\lumen-framework\\src\\Concerns\\RoutesRequests.php(169): Laravel\\Lumen\\Application->handleFoundRoute()
#30 D:\\my-code\\kehu-web\\shop_mall\\backend\\vendor\\laravel\\lumen-framework\\src\\Routing\\Pipeline.php(48): Laravel\\Lumen\\Application->Laravel\\Lumen\\Concerns\\{closure}()
#31 D:\\my-code\\kehu-web\\shop_mall\\backend\\app\\Http\\Middleware\\CorsMiddleware.php(30): Laravel\\Lumen\\Routing\\Pipeline->Laravel\\Lumen\\Routing\\{closure}()
#32 D:\\my-code\\kehu-web\\shop_mall\\backend\\vendor\\illuminate\\pipeline\\Pipeline.php(167): App\\Http\\Middleware\\CorsMiddleware->handle()
#33 D:\\my-code\\kehu-web\\shop_mall\\backend\\vendor\\laravel\\lumen-framework\\src\\Routing\\Pipeline.php(30): Illuminate\\Pipeline\\Pipeline->Illuminate\\Pipeline\\{closure}()
#34 D:\\my-code\\kehu-web\\shop_mall\\backend\\vendor\\illuminate\\pipeline\\Pipeline.php(103): Laravel\\Lumen\\Routing\\Pipeline->Laravel\\Lumen\\Routing\\{closure}()
#35 D:\\my-code\\kehu-web\\shop_mall\\backend\\vendor\\laravel\\lumen-framework\\src\\Concerns\\RoutesRequests.php(426): Illuminate\\Pipeline\\Pipeline->then()
#36 D:\\my-code\\kehu-web\\shop_mall\\backend\\vendor\\laravel\\lumen-framework\\src\\Concerns\\RoutesRequests.php(165): Laravel\\Lumen\\Application->sendThroughPipeline()
#37 D:\\my-code\\kehu-web\\shop_mall\\backend\\vendor\\laravel\\lumen-framework\\src\\Concerns\\RoutesRequests.php(112): Laravel\\Lumen\\Application->dispatch()
#38 D:\\my-code\\kehu-web\\shop_mall\\backend\\public\\index.php(17): Laravel\\Lumen\\Application->run()
#39 {main}
"} 
[2026-01-15 16:47:15] production.ERROR: SQLSTATE[HY000] [2002] php_network_getaddresses: getaddrinfo for http failed: ²»ÖªµÀÕâÑùµÄÖ÷»ú¡£  (SQL: select * from `admins` where `id` = 1 limit 1) {"exception":"[object] (Illuminate\\Database\\QueryException(code: 2002): SQLSTATE[HY000] [2002] php_network_getaddresses: getaddrinfo for http failed: ï¿½ï¿½Öªï¿½ï¿½ï¿½ï¿½ï¿½ï¿½ï¿½ï¿½ï¿½ï¿½ï¿½ï¿½  (SQL: select * from `admins` where `id` = 1 limit 1) at D:\\my-code\\kehu-web\\shop_mall\\backend\\vendor\\illuminate\\database\\Connection.php:712)
[stacktrace]
#0 D:\\my-code\\kehu-web\\shop_mall\\backend\\vendor\\illuminate\\database\\Connection.php(672): Illuminate\\Database\\Connection->runQueryCallback()
#1 D:\\my-code\\kehu-web\\shop_mall\\backend\\vendor\\illuminate\\database\\Connection.php(359): Illuminate\\Database\\Connection->run()
#2 D:\\my-code\\kehu-web\\shop_mall\\backend\\vendor\\illuminate\\database\\Query\\Builder.php(2413): Illuminate\\Database\\Connection->select()
#3 D:\\my-code\\kehu-web\\shop_mall\\backend\\vendor\\illuminate\\database\\Query\\Builder.php(2402): Illuminate\\Database\\Query\\Builder->runSelect()
#4 D:\\my-code\\kehu-web\\shop_mall\\backend\\vendor\\illuminate\\database\\Query\\Builder.php(2936): Illuminate\\Database\\Query\\Builder->Illuminate\\Database\\Query\\{closure}()
#5 D:\\my-code\\kehu-web\\shop_mall\\backend\\vendor\\illuminate\\database\\Query\\Builder.php(2401): Illuminate\\Database\\Query\\Builder->onceWithColumns()
#6 D:\\my-code\\kehu-web\\shop_mall\\backend\\vendor\\illuminate\\database\\Eloquent\\Builder.php(625): Illuminate\\Database\\Query\\Builder->get()
#7 D:\\my-code\\kehu-web\\shop_mall\\backend\\vendor\\illuminate\\database\\Eloquent\\Builder.php(609): Illuminate\\Database\\Eloquent\\Builder->getModels()
#8 D:\\my-code\\kehu-web\\shop_mall\\backend\\vendor\\illuminate\\database\\Concerns\\BuildsQueries.php(294): Illuminate\\Database\\Eloquent\\Builder->get()
#9 D:\\my-code\\kehu-web\\shop_mall\\backend\\vendor\\illuminate\\auth\\EloquentUserProvider.php(53): Illuminate\\Database\\Eloquent\\Builder->first()
#10 D:\\my-code\\kehu-web\\shop_mall\\backend\\vendor\\tymon\\jwt-auth\\src\\JWTGuard.php(81): Illuminate\\Auth\\EloquentUserProvider->retrieveById()
#11 D:\\my-code\\kehu-web\\shop_mall\\backend\\vendor\\illuminate\\auth\\GuardHelpers.php(60): Tymon\\JWTAuth\\JWTGuard->user()
#12 D:\\my-code\\kehu-web\\shop_mall\\backend\\vendor\\illuminate\\auth\\GuardHelpers.php(70): Tymon\\JWTAuth\\JWTGuard->check()
#13 D:\\my-code\\kehu-web\\shop_mall\\backend\\app\\Http\\Middleware\\AdminAuthenticate.php(19): Tymon\\JWTAuth\\JWTGuard->guest()
#14 D:\\my-code\\kehu-web\\shop_mall\\backend\\vendor\\illuminate\\pipeline\\Pipeline.php(167): App\\Http\\Middleware\\AdminAuthenticate->handle()
#15 D:\\my-code\\kehu-web\\shop_mall\\backend\\vendor\\laravel\\lumen-framework\\src\\Routing\\Pipeline.php(30): Illuminate\\Pipeline\\Pipeline->Illuminate\\Pipeline\\{closure}()
#16 D:\\my-code\\kehu-web\\shop_mall\\backend\\vendor\\illuminate\\pipeline\\Pipeline.php(103): Laravel\\Lumen\\Routing\\Pipeline->Laravel\\Lumen\\Routing\\{closure}()
#17 D:\\my-code\\kehu-web\\shop_mall\\backend\\vendor\\laravel\\lumen-framework\\src\\Concerns\\RoutesRequests.php(426): Illuminate\\Pipeline\\Pipeline->then()
#18 D:\\my-code\\kehu-web\\shop_mall\\backend\\vendor\\laravel\\lumen-framework\\src\\Concerns\\RoutesRequests.php(261): Laravel\\Lumen\\Application->sendThroughPipeline()
#19 D:\\my-code\\kehu-web\\shop_mall\\backend\\vendor\\laravel\\lumen-framework\\src\\Concerns\\RoutesRequests.php(169): Laravel\\Lumen\\Application->handleFoundRoute()
#20 D:\\my-code\\kehu-web\\shop_mall\\backend\\vendor\\laravel\\lumen-framework\\src\\Routing\\Pipeline.php(48): Laravel\\Lumen\\Application->Laravel\\Lumen\\Concerns\\{closure}()
#21 D:\\my-code\\kehu-web\\shop_mall\\backend\\app\\Http\\Middleware\\CorsMiddleware.php(30): Laravel\\Lumen\\Routing\\Pipeline->Laravel\\Lumen\\Routing\\{closure}()
#22 D:\\my-code\\kehu-web\\shop_mall\\backend\\vendor\\illuminate\\pipeline\\Pipeline.php(167): App\\Http\\Middleware\\CorsMiddleware->handle()
#23 D:\\my-code\\kehu-web\\shop_mall\\backend\\vendor\\laravel\\lumen-framework\\src\\Routing\\Pipeline.php(30): Illuminate\\Pipeline\\Pipeline->Illuminate\\Pipeline\\{closure}()
#24 D:\\my-code\\kehu-web\\shop_mall\\backend\\vendor\\illuminate\\pipeline\\Pipeline.php(103): Laravel\\Lumen\\Routing\\Pipeline->Laravel\\Lumen\\Routing\\{closure}()
#25 D:\\my-code\\kehu-web\\shop_mall\\backend\\vendor\\laravel\\lumen-framework\\src\\Concerns\\RoutesRequests.php(426): Illuminate\\Pipeline\\Pipeline->then()
#26 D:\\my-code\\kehu-web\\shop_mall\\backend\\vendor\\laravel\\lumen-framework\\src\\Concerns\\RoutesRequests.php(165): Laravel\\Lumen\\Application->sendThroughPipeline()
#27 D:\\my-code\\kehu-web\\shop_mall\\backend\\vendor\\laravel\\lumen-framework\\src\\Concerns\\RoutesRequests.php(112): Laravel\\Lumen\\Application->dispatch()
#28 D:\\my-code\\kehu-web\\shop_mall\\backend\\public\\index.php(17): Laravel\\Lumen\\Application->run()
#29 {main}

[previous exception] [object] (PDOException(code: 2002): SQLSTATE[HY000] [2002] php_network_getaddresses: getaddrinfo for http failed: ï¿½ï¿½Öªï¿½ï¿½ï¿½ï¿½ï¿½ï¿½ï¿½ï¿½ï¿½ï¿½ï¿½ï¿½  at D:\\my-code\\kehu-web\\shop_mall\\backend\\vendor\\illuminate\\database\\Connectors\\Connector.php:70)
[stacktrace]
#0 D:\\my-code\\kehu-web\\shop_mall\\backend\\vendor\\illuminate\\database\\Connectors\\Connector.php(70): PDO->__construct()
#1 D:\\my-code\\kehu-web\\shop_mall\\backend\\vendor\\illuminate\\database\\Connectors\\Connector.php(45): Illuminate\\Database\\Connectors\\Connector->createPdoConnection()
#2 D:\\my-code\\kehu-web\\shop_mall\\backend\\vendor\\illuminate\\database\\Connectors\\MySqlConnector.php(24): Illuminate\\Database\\Connectors\\Connector->createConnection()
#3 D:\\my-code\\kehu-web\\shop_mall\\backend\\vendor\\illuminate\\database\\Connectors\\ConnectionFactory.php(184): Illuminate\\Database\\Connectors\\MySqlConnector->connect()
#4 [internal function]: Illuminate\\Database\\Connectors\\ConnectionFactory->Illuminate\\Database\\Connectors\\{closure}()
#5 D:\\my-code\\kehu-web\\shop_mall\\backend\\vendor\\illuminate\\database\\Connection.php(1064): call_user_func()
#6 D:\\my-code\\kehu-web\\shop_mall\\backend\\vendor\\illuminate\\database\\Connection.php(1100): Illuminate\\Database\\Connection->getPdo()
#7 D:\\my-code\\kehu-web\\shop_mall\\backend\\vendor\\illuminate\\database\\Connection.php(442): Illuminate\\Database\\Connection->getReadPdo()
#8 D:\\my-code\\kehu-web\\shop_mall\\backend\\vendor\\illuminate\\database\\Connection.php(368): Illuminate\\Database\\Connection->getPdoForSelect()
#9 D:\\my-code\\kehu-web\\shop_mall\\backend\\vendor\\illuminate\\database\\Connection.php(705): Illuminate\\Database\\Connection->Illuminate\\Database\\{closure}()
#10 D:\\my-code\\kehu-web\\shop_mall\\backend\\vendor\\illuminate\\database\\Connection.php(672): Illuminate\\Database\\Connection->runQueryCallback()
#11 D:\\my-code\\kehu-web\\shop_mall\\backend\\vendor\\illuminate\\database\\Connection.php(359): Illuminate\\Database\\Connection->run()
#12 D:\\my-code\\kehu-web\\shop_mall\\backend\\vendor\\illuminate\\database\\Query\\Builder.php(2413): Illuminate\\Database\\Connection->select()
#13 D:\\my-code\\kehu-web\\shop_mall\\backend\\vendor\\illuminate\\database\\Query\\Builder.php(2402): Illuminate\\Database\\Query\\Builder->runSelect()
#14 D:\\my-code\\kehu-web\\shop_mall\\backend\\vendor\\illuminate\\database\\Query\\Builder.php(2936): Illuminate\\Database\\Query\\Builder->Illuminate\\Database\\Query\\{closure}()
#15 D:\\my-code\\kehu-web\\shop_mall\\backend\\vendor\\illuminate\\database\\Query\\Builder.php(2401): Illuminate\\Database\\Query\\Builder->onceWithColumns()
#16 D:\\my-code\\kehu-web\\shop_mall\\backend\\vendor\\illuminate\\database\\Eloquent\\Builder.php(625): Illuminate\\Database\\Query\\Builder->get()
#17 D:\\my-code\\kehu-web\\shop_mall\\backend\\vendor\\illuminate\\database\\Eloquent\\Builder.php(609): Illuminate\\Database\\Eloquent\\Builder->getModels()
#18 D:\\my-code\\kehu-web\\shop_mall\\backend\\vendor\\illuminate\\database\\Concerns\\BuildsQueries.php(294): Illuminate\\Database\\Eloquent\\Builder->get()
#19 D:\\my-code\\kehu-web\\shop_mall\\backend\\vendor\\illuminate\\auth\\EloquentUserProvider.php(53): Illuminate\\Database\\Eloquent\\Builder->first()
#20 D:\\my-code\\kehu-web\\shop_mall\\backend\\vendor\\tymon\\jwt-auth\\src\\JWTGuard.php(81): Illuminate\\Auth\\EloquentUserProvider->retrieveById()
#21 D:\\my-code\\kehu-web\\shop_mall\\backend\\vendor\\illuminate\\auth\\GuardHelpers.php(60): Tymon\\JWTAuth\\JWTGuard->user()
#22 D:\\my-code\\kehu-web\\shop_mall\\backend\\vendor\\illuminate\\auth\\GuardHelpers.php(70): Tymon\\JWTAuth\\JWTGuard->check()
#23 D:\\my-code\\kehu-web\\shop_mall\\backend\\app\\Http\\Middleware\\AdminAuthenticate.php(19): Tymon\\JWTAuth\\JWTGuard->guest()
#24 D:\\my-code\\kehu-web\\shop_mall\\backend\\vendor\\illuminate\\pipeline\\Pipeline.php(167): App\\Http\\Middleware\\AdminAuthenticate->handle()
#25 D:\\my-code\\kehu-web\\shop_mall\\backend\\vendor\\laravel\\lumen-framework\\src\\Routing\\Pipeline.php(30): Illuminate\\Pipeline\\Pipeline->Illuminate\\Pipeline\\{closure}()
#26 D:\\my-code\\kehu-web\\shop_mall\\backend\\vendor\\illuminate\\pipeline\\Pipeline.php(103): Laravel\\Lumen\\Routing\\Pipeline->Laravel\\Lumen\\Routing\\{closure}()
#27 D:\\my-code\\kehu-web\\shop_mall\\backend\\vendor\\laravel\\lumen-framework\\src\\Concerns\\RoutesRequests.php(426): Illuminate\\Pipeline\\Pipeline->then()
#28 D:\\my-code\\kehu-web\\shop_mall\\backend\\vendor\\laravel\\lumen-framework\\src\\Concerns\\RoutesRequests.php(261): Laravel\\Lumen\\Application->sendThroughPipeline()
#29 D:\\my-code\\kehu-web\\shop_mall\\backend\\vendor\\laravel\\lumen-framework\\src\\Concerns\\RoutesRequests.php(169): Laravel\\Lumen\\Application->handleFoundRoute()
#30 D:\\my-code\\kehu-web\\shop_mall\\backend\\vendor\\laravel\\lumen-framework\\src\\Routing\\Pipeline.php(48): Laravel\\Lumen\\Application->Laravel\\Lumen\\Concerns\\{closure}()
#31 D:\\my-code\\kehu-web\\shop_mall\\backend\\app\\Http\\Middleware\\CorsMiddleware.php(30): Laravel\\Lumen\\Routing\\Pipeline->Laravel\\Lumen\\Routing\\{closure}()
#32 D:\\my-code\\kehu-web\\shop_mall\\backend\\vendor\\illuminate\\pipeline\\Pipeline.php(167): App\\Http\\Middleware\\CorsMiddleware->handle()
#33 D:\\my-code\\kehu-web\\shop_mall\\backend\\vendor\\laravel\\lumen-framework\\src\\Routing\\Pipeline.php(30): Illuminate\\Pipeline\\Pipeline->Illuminate\\Pipeline\\{closure}()
#34 D:\\my-code\\kehu-web\\shop_mall\\backend\\vendor\\illuminate\\pipeline\\Pipeline.php(103): Laravel\\Lumen\\Routing\\Pipeline->Laravel\\Lumen\\Routing\\{closure}()
#35 D:\\my-code\\kehu-web\\shop_mall\\backend\\vendor\\laravel\\lumen-framework\\src\\Concerns\\RoutesRequests.php(426): Illuminate\\Pipeline\\Pipeline->then()
#36 D:\\my-code\\kehu-web\\shop_mall\\backend\\vendor\\laravel\\lumen-framework\\src\\Concerns\\RoutesRequests.php(165): Laravel\\Lumen\\Application->sendThroughPipeline()
#37 D:\\my-code\\kehu-web\\shop_mall\\backend\\vendor\\laravel\\lumen-framework\\src\\Concerns\\RoutesRequests.php(112): Laravel\\Lumen\\Application->dispatch()
#38 D:\\my-code\\kehu-web\\shop_mall\\backend\\public\\index.php(17): Laravel\\Lumen\\Application->run()
#39 {main}

[previous exception] [object] (PDOException(code: 0): PDO::__construct(): php_network_getaddresses: getaddrinfo for http failed: ï¿½ï¿½Öªï¿½ï¿½ï¿½ï¿½ï¿½ï¿½ï¿½ï¿½ï¿½ï¿½ï¿½ï¿½  at D:\\my-code\\kehu-web\\shop_mall\\backend\\vendor\\illuminate\\database\\Connectors\\Connector.php:70)
[stacktrace]
#0 D:\\my-code\\kehu-web\\shop_mall\\backend\\vendor\\illuminate\\database\\Connectors\\Connector.php(70): PDO->__construct()
#1 D:\\my-code\\kehu-web\\shop_mall\\backend\\vendor\\illuminate\\database\\Connectors\\Connector.php(45): Illuminate\\Database\\Connectors\\Connector->createPdoConnection()
#2 D:\\my-code\\kehu-web\\shop_mall\\backend\\vendor\\illuminate\\database\\Connectors\\MySqlConnector.php(24): Illuminate\\Database\\Connectors\\Connector->createConnection()
#3 D:\\my-code\\kehu-web\\shop_mall\\backend\\vendor\\illuminate\\database\\Connectors\\ConnectionFactory.php(184): Illuminate\\Database\\Connectors\\MySqlConnector->connect()
#4 [internal function]: Illuminate\\Database\\Connectors\\ConnectionFactory->Illuminate\\Database\\Connectors\\{closure}()
#5 D:\\my-code\\kehu-web\\shop_mall\\backend\\vendor\\illuminate\\database\\Connection.php(1064): call_user_func()
#6 D:\\my-code\\kehu-web\\shop_mall\\backend\\vendor\\illuminate\\database\\Connection.php(1100): Illuminate\\Database\\Connection->getPdo()
#7 D:\\my-code\\kehu-web\\shop_mall\\backend\\vendor\\illuminate\\database\\Connection.php(442): Illuminate\\Database\\Connection->getReadPdo()
#8 D:\\my-code\\kehu-web\\shop_mall\\backend\\vendor\\illuminate\\database\\Connection.php(368): Illuminate\\Database\\Connection->getPdoForSelect()
#9 D:\\my-code\\kehu-web\\shop_mall\\backend\\vendor\\illuminate\\database\\Connection.php(705): Illuminate\\Database\\Connection->Illuminate\\Database\\{closure}()
#10 D:\\my-code\\kehu-web\\shop_mall\\backend\\vendor\\illuminate\\database\\Connection.php(672): Illuminate\\Database\\Connection->runQueryCallback()
#11 D:\\my-code\\kehu-web\\shop_mall\\backend\\vendor\\illuminate\\database\\Connection.php(359): Illuminate\\Database\\Connection->run()
#12 D:\\my-code\\kehu-web\\shop_mall\\backend\\vendor\\illuminate\\database\\Query\\Builder.php(2413): Illuminate\\Database\\Connection->select()
#13 D:\\my-code\\kehu-web\\shop_mall\\backend\\vendor\\illuminate\\database\\Query\\Builder.php(2402): Illuminate\\Database\\Query\\Builder->runSelect()
#14 D:\\my-code\\kehu-web\\shop_mall\\backend\\vendor\\illuminate\\database\\Query\\Builder.php(2936): Illuminate\\Database\\Query\\Builder->Illuminate\\Database\\Query\\{closure}()
#15 D:\\my-code\\kehu-web\\shop_mall\\backend\\vendor\\illuminate\\database\\Query\\Builder.php(2401): Illuminate\\Database\\Query\\Builder->onceWithColumns()
#16 D:\\my-code\\kehu-web\\shop_mall\\backend\\vendor\\illuminate\\database\\Eloquent\\Builder.php(625): Illuminate\\Database\\Query\\Builder->get()
#17 D:\\my-code\\kehu-web\\shop_mall\\backend\\vendor\\illuminate\\database\\Eloquent\\Builder.php(609): Illuminate\\Database\\Eloquent\\Builder->getModels()
#18 D:\\my-code\\kehu-web\\shop_mall\\backend\\vendor\\illuminate\\database\\Concerns\\BuildsQueries.php(294): Illuminate\\Database\\Eloquent\\Builder->get()
#19 D:\\my-code\\kehu-web\\shop_mall\\backend\\vendor\\illuminate\\auth\\EloquentUserProvider.php(53): Illuminate\\Database\\Eloquent\\Builder->first()
#20 D:\\my-code\\kehu-web\\shop_mall\\backend\\vendor\\tymon\\jwt-auth\\src\\JWTGuard.php(81): Illuminate\\Auth\\EloquentUserProvider->retrieveById()
#21 D:\\my-code\\kehu-web\\shop_mall\\backend\\vendor\\illuminate\\auth\\GuardHelpers.php(60): Tymon\\JWTAuth\\JWTGuard->user()
#22 D:\\my-code\\kehu-web\\shop_mall\\backend\\vendor\\illuminate\\auth\\GuardHelpers.php(70): Tymon\\JWTAuth\\JWTGuard->check()
#23 D:\\my-code\\kehu-web\\shop_mall\\backend\\app\\Http\\Middleware\\AdminAuthenticate.php(19): Tymon\\JWTAuth\\JWTGuard->guest()
#24 D:\\my-code\\kehu-web\\shop_mall\\backend\\vendor\\illuminate\\pipeline\\Pipeline.php(167): App\\Http\\Middleware\\AdminAuthenticate->handle()
#25 D:\\my-code\\kehu-web\\shop_mall\\backend\\vendor\\laravel\\lumen-framework\\src\\Routing\\Pipeline.php(30): Illuminate\\Pipeline\\Pipeline->Illuminate\\Pipeline\\{closure}()
#26 D:\\my-code\\kehu-web\\shop_mall\\backend\\vendor\\illuminate\\pipeline\\Pipeline.php(103): Laravel\\Lumen\\Routing\\Pipeline->Laravel\\Lumen\\Routing\\{closure}()
#27 D:\\my-code\\kehu-web\\shop_mall\\backend\\vendor\\laravel\\lumen-framework\\src\\Concerns\\RoutesRequests.php(426): Illuminate\\Pipeline\\Pipeline->then()
#28 D:\\my-code\\kehu-web\\shop_mall\\backend\\vendor\\laravel\\lumen-framework\\src\\Concerns\\RoutesRequests.php(261): Laravel\\Lumen\\Application->sendThroughPipeline()
#29 D:\\my-code\\kehu-web\\shop_mall\\backend\\vendor\\laravel\\lumen-framework\\src\\Concerns\\RoutesRequests.php(169): Laravel\\Lumen\\Application->handleFoundRoute()
#30 D:\\my-code\\kehu-web\\shop_mall\\backend\\vendor\\laravel\\lumen-framework\\src\\Routing\\Pipeline.php(48): Laravel\\Lumen\\Application->Laravel\\Lumen\\Concerns\\{closure}()
#31 D:\\my-code\\kehu-web\\shop_mall\\backend\\app\\Http\\Middleware\\CorsMiddleware.php(30): Laravel\\Lumen\\Routing\\Pipeline->Laravel\\Lumen\\Routing\\{closure}()
#32 D:\\my-code\\kehu-web\\shop_mall\\backend\\vendor\\illuminate\\pipeline\\Pipeline.php(167): App\\Http\\Middleware\\CorsMiddleware->handle()
#33 D:\\my-code\\kehu-web\\shop_mall\\backend\\vendor\\laravel\\lumen-framework\\src\\Routing\\Pipeline.php(30): Illuminate\\Pipeline\\Pipeline->Illuminate\\Pipeline\\{closure}()
#34 D:\\my-code\\kehu-web\\shop_mall\\backend\\vendor\\illuminate\\pipeline\\Pipeline.php(103): Laravel\\Lumen\\Routing\\Pipeline->Laravel\\Lumen\\Routing\\{closure}()
#35 D:\\my-code\\kehu-web\\shop_mall\\backend\\vendor\\laravel\\lumen-framework\\src\\Concerns\\RoutesRequests.php(426): Illuminate\\Pipeline\\Pipeline->then()
#36 D:\\my-code\\kehu-web\\shop_mall\\backend\\vendor\\laravel\\lumen-framework\\src\\Concerns\\RoutesRequests.php(165): Laravel\\Lumen\\Application->sendThroughPipeline()
#37 D:\\my-code\\kehu-web\\shop_mall\\backend\\vendor\\laravel\\lumen-framework\\src\\Concerns\\RoutesRequests.php(112): Laravel\\Lumen\\Application->dispatch()
#38 D:\\my-code\\kehu-web\\shop_mall\\backend\\public\\index.php(17): Laravel\\Lumen\\Application->run()
#39 {main}
"} 
[2026-01-15 16:51:24] production.ERROR: SQLSTATE[HY000] [2002] php_network_getaddresses: getaddrinfo for http failed: ²»ÖªµÀÕâÑùµÄÖ÷»ú¡£  (SQL: select * from `admins` where `id` = 1 limit 1) {"exception":"[object] (Illuminate\\Database\\QueryException(code: 2002): SQLSTATE[HY000] [2002] php_network_getaddresses: getaddrinfo for http failed: ï¿½ï¿½Öªï¿½ï¿½ï¿½ï¿½ï¿½ï¿½ï¿½ï¿½ï¿½ï¿½ï¿½ï¿½  (SQL: select * from `admins` where `id` = 1 limit 1) at D:\\my-code\\kehu-web\\shop_mall\\backend\\vendor\\illuminate\\database\\Connection.php:712)
[stacktrace]
#0 D:\\my-code\\kehu-web\\shop_mall\\backend\\vendor\\illuminate\\database\\Connection.php(672): Illuminate\\Database\\Connection->runQueryCallback()
#1 D:\\my-code\\kehu-web\\shop_mall\\backend\\vendor\\illuminate\\database\\Connection.php(359): Illuminate\\Database\\Connection->run()
#2 D:\\my-code\\kehu-web\\shop_mall\\backend\\vendor\\illuminate\\database\\Query\\Builder.php(2413): Illuminate\\Database\\Connection->select()
#3 D:\\my-code\\kehu-web\\shop_mall\\backend\\vendor\\illuminate\\database\\Query\\Builder.php(2402): Illuminate\\Database\\Query\\Builder->runSelect()
#4 D:\\my-code\\kehu-web\\shop_mall\\backend\\vendor\\illuminate\\database\\Query\\Builder.php(2936): Illuminate\\Database\\Query\\Builder->Illuminate\\Database\\Query\\{closure}()
#5 D:\\my-code\\kehu-web\\shop_mall\\backend\\vendor\\illuminate\\database\\Query\\Builder.php(2401): Illuminate\\Database\\Query\\Builder->onceWithColumns()
#6 D:\\my-code\\kehu-web\\shop_mall\\backend\\vendor\\illuminate\\database\\Eloquent\\Builder.php(625): Illuminate\\Database\\Query\\Builder->get()
#7 D:\\my-code\\kehu-web\\shop_mall\\backend\\vendor\\illuminate\\database\\Eloquent\\Builder.php(609): Illuminate\\Database\\Eloquent\\Builder->getModels()
#8 D:\\my-code\\kehu-web\\shop_mall\\backend\\vendor\\illuminate\\database\\Concerns\\BuildsQueries.php(294): Illuminate\\Database\\Eloquent\\Builder->get()
#9 D:\\my-code\\kehu-web\\shop_mall\\backend\\vendor\\illuminate\\auth\\EloquentUserProvider.php(53): Illuminate\\Database\\Eloquent\\Builder->first()
#10 D:\\my-code\\kehu-web\\shop_mall\\backend\\vendor\\tymon\\jwt-auth\\src\\JWTGuard.php(81): Illuminate\\Auth\\EloquentUserProvider->retrieveById()
#11 D:\\my-code\\kehu-web\\shop_mall\\backend\\vendor\\illuminate\\auth\\GuardHelpers.php(60): Tymon\\JWTAuth\\JWTGuard->user()
#12 D:\\my-code\\kehu-web\\shop_mall\\backend\\vendor\\illuminate\\auth\\GuardHelpers.php(70): Tymon\\JWTAuth\\JWTGuard->check()
#13 D:\\my-code\\kehu-web\\shop_mall\\backend\\app\\Http\\Middleware\\AdminAuthenticate.php(19): Tymon\\JWTAuth\\JWTGuard->guest()
#14 D:\\my-code\\kehu-web\\shop_mall\\backend\\vendor\\illuminate\\pipeline\\Pipeline.php(167): App\\Http\\Middleware\\AdminAuthenticate->handle()
#15 D:\\my-code\\kehu-web\\shop_mall\\backend\\vendor\\laravel\\lumen-framework\\src\\Routing\\Pipeline.php(30): Illuminate\\Pipeline\\Pipeline->Illuminate\\Pipeline\\{closure}()
#16 D:\\my-code\\kehu-web\\shop_mall\\backend\\vendor\\illuminate\\pipeline\\Pipeline.php(103): Laravel\\Lumen\\Routing\\Pipeline->Laravel\\Lumen\\Routing\\{closure}()
#17 D:\\my-code\\kehu-web\\shop_mall\\backend\\vendor\\laravel\\lumen-framework\\src\\Concerns\\RoutesRequests.php(426): Illuminate\\Pipeline\\Pipeline->then()
#18 D:\\my-code\\kehu-web\\shop_mall\\backend\\vendor\\laravel\\lumen-framework\\src\\Concerns\\RoutesRequests.php(261): Laravel\\Lumen\\Application->sendThroughPipeline()
#19 D:\\my-code\\kehu-web\\shop_mall\\backend\\vendor\\laravel\\lumen-framework\\src\\Concerns\\RoutesRequests.php(169): Laravel\\Lumen\\Application->handleFoundRoute()
#20 D:\\my-code\\kehu-web\\shop_mall\\backend\\vendor\\laravel\\lumen-framework\\src\\Routing\\Pipeline.php(48): Laravel\\Lumen\\Application->Laravel\\Lumen\\Concerns\\{closure}()
#21 D:\\my-code\\kehu-web\\shop_mall\\backend\\app\\Http\\Middleware\\CorsMiddleware.php(30): Laravel\\Lumen\\Routing\\Pipeline->Laravel\\Lumen\\Routing\\{closure}()
#22 D:\\my-code\\kehu-web\\shop_mall\\backend\\vendor\\illuminate\\pipeline\\Pipeline.php(167): App\\Http\\Middleware\\CorsMiddleware->handle()
#23 D:\\my-code\\kehu-web\\shop_mall\\backend\\vendor\\laravel\\lumen-framework\\src\\Routing\\Pipeline.php(30): Illuminate\\Pipeline\\Pipeline->Illuminate\\Pipeline\\{closure}()
#24 D:\\my-code\\kehu-web\\shop_mall\\backend\\vendor\\illuminate\\pipeline\\Pipeline.php(103): Laravel\\Lumen\\Routing\\Pipeline->Laravel\\Lumen\\Routing\\{closure}()
#25 D:\\my-code\\kehu-web\\shop_mall\\backend\\vendor\\laravel\\lumen-framework\\src\\Concerns\\RoutesRequests.php(426): Illuminate\\Pipeline\\Pipeline->then()
#26 D:\\my-code\\kehu-web\\shop_mall\\backend\\vendor\\laravel\\lumen-framework\\src\\Concerns\\RoutesRequests.php(165): Laravel\\Lumen\\Application->sendThroughPipeline()
#27 D:\\my-code\\kehu-web\\shop_mall\\backend\\vendor\\laravel\\lumen-framework\\src\\Concerns\\RoutesRequests.php(112): Laravel\\Lumen\\Application->dispatch()
#28 D:\\my-code\\kehu-web\\shop_mall\\backend\\public\\index.php(17): Laravel\\Lumen\\Application->run()
#29 {main}

[previous exception] [object] (PDOException(code: 2002): SQLSTATE[HY000] [2002] php_network_getaddresses: getaddrinfo for http failed: ï¿½ï¿½Öªï¿½ï¿½ï¿½ï¿½ï¿½ï¿½ï¿½ï¿½ï¿½ï¿½ï¿½ï¿½  at D:\\my-code\\kehu-web\\shop_mall\\backend\\vendor\\illuminate\\database\\Connectors\\Connector.php:70)
[stacktrace]
#0 D:\\my-code\\kehu-web\\shop_mall\\backend\\vendor\\illuminate\\database\\Connectors\\Connector.php(70): PDO->__construct()
#1 D:\\my-code\\kehu-web\\shop_mall\\backend\\vendor\\illuminate\\database\\Connectors\\Connector.php(45): Illuminate\\Database\\Connectors\\Connector->createPdoConnection()
#2 D:\\my-code\\kehu-web\\shop_mall\\backend\\vendor\\illuminate\\database\\Connectors\\MySqlConnector.php(24): Illuminate\\Database\\Connectors\\Connector->createConnection()
#3 D:\\my-code\\kehu-web\\shop_mall\\backend\\vendor\\illuminate\\database\\Connectors\\ConnectionFactory.php(184): Illuminate\\Database\\Connectors\\MySqlConnector->connect()
#4 [internal function]: Illuminate\\Database\\Connectors\\ConnectionFactory->Illuminate\\Database\\Connectors\\{closure}()
#5 D:\\my-code\\kehu-web\\shop_mall\\backend\\vendor\\illuminate\\database\\Connection.php(1064): call_user_func()
#6 D:\\my-code\\kehu-web\\shop_mall\\backend\\vendor\\illuminate\\database\\Connection.php(1100): Illuminate\\Database\\Connection->getPdo()
#7 D:\\my-code\\kehu-web\\shop_mall\\backend\\vendor\\illuminate\\database\\Connection.php(442): Illuminate\\Database\\Connection->getReadPdo()
#8 D:\\my-code\\kehu-web\\shop_mall\\backend\\vendor\\illuminate\\database\\Connection.php(368): Illuminate\\Database\\Connection->getPdoForSelect()
#9 D:\\my-code\\kehu-web\\shop_mall\\backend\\vendor\\illuminate\\database\\Connection.php(705): Illuminate\\Database\\Connection->Illuminate\\Database\\{closure}()
#10 D:\\my-code\\kehu-web\\shop_mall\\backend\\vendor\\illuminate\\database\\Connection.php(672): Illuminate\\Database\\Connection->runQueryCallback()
#11 D:\\my-code\\kehu-web\\shop_mall\\backend\\vendor\\illuminate\\database\\Connection.php(359): Illuminate\\Database\\Connection->run()
#12 D:\\my-code\\kehu-web\\shop_mall\\backend\\vendor\\illuminate\\database\\Query\\Builder.php(2413): Illuminate\\Database\\Connection->select()
#13 D:\\my-code\\kehu-web\\shop_mall\\backend\\vendor\\illuminate\\database\\Query\\Builder.php(2402): Illuminate\\Database\\Query\\Builder->runSelect()
#14 D:\\my-code\\kehu-web\\shop_mall\\backend\\vendor\\illuminate\\database\\Query\\Builder.php(2936): Illuminate\\Database\\Query\\Builder->Illuminate\\Database\\Query\\{closure}()
#15 D:\\my-code\\kehu-web\\shop_mall\\backend\\vendor\\illuminate\\database\\Query\\Builder.php(2401): Illuminate\\Database\\Query\\Builder->onceWithColumns()
#16 D:\\my-code\\kehu-web\\shop_mall\\backend\\vendor\\illuminate\\database\\Eloquent\\Builder.php(625): Illuminate\\Database\\Query\\Builder->get()
#17 D:\\my-code\\kehu-web\\shop_mall\\backend\\vendor\\illuminate\\database\\Eloquent\\Builder.php(609): Illuminate\\Database\\Eloquent\\Builder->getModels()
#18 D:\\my-code\\kehu-web\\shop_mall\\backend\\vendor\\illuminate\\database\\Concerns\\BuildsQueries.php(294): Illuminate\\Database\\Eloquent\\Builder->get()
#19 D:\\my-code\\kehu-web\\shop_mall\\backend\\vendor\\illuminate\\auth\\EloquentUserProvider.php(53): Illuminate\\Database\\Eloquent\\Builder->first()
#20 D:\\my-code\\kehu-web\\shop_mall\\backend\\vendor\\tymon\\jwt-auth\\src\\JWTGuard.php(81): Illuminate\\Auth\\EloquentUserProvider->retrieveById()
#21 D:\\my-code\\kehu-web\\shop_mall\\backend\\vendor\\illuminate\\auth\\GuardHelpers.php(60): Tymon\\JWTAuth\\JWTGuard->user()
#22 D:\\my-code\\kehu-web\\shop_mall\\backend\\vendor\\illuminate\\auth\\GuardHelpers.php(70): Tymon\\JWTAuth\\JWTGuard->check()
#23 D:\\my-code\\kehu-web\\shop_mall\\backend\\app\\Http\\Middleware\\AdminAuthenticate.php(19): Tymon\\JWTAuth\\JWTGuard->guest()
#24 D:\\my-code\\kehu-web\\shop_mall\\backend\\vendor\\illuminate\\pipeline\\Pipeline.php(167): App\\Http\\Middleware\\AdminAuthenticate->handle()
#25 D:\\my-code\\kehu-web\\shop_mall\\backend\\vendor\\laravel\\lumen-framework\\src\\Routing\\Pipeline.php(30): Illuminate\\Pipeline\\Pipeline->Illuminate\\Pipeline\\{closure}()
#26 D:\\my-code\\kehu-web\\shop_mall\\backend\\vendor\\illuminate\\pipeline\\Pipeline.php(103): Laravel\\Lumen\\Routing\\Pipeline->Laravel\\Lumen\\Routing\\{closure}()
#27 D:\\my-code\\kehu-web\\shop_mall\\backend\\vendor\\laravel\\lumen-framework\\src\\Concerns\\RoutesRequests.php(426): Illuminate\\Pipeline\\Pipeline->then()
#28 D:\\my-code\\kehu-web\\shop_mall\\backend\\vendor\\laravel\\lumen-framework\\src\\Concerns\\RoutesRequests.php(261): Laravel\\Lumen\\Application->sendThroughPipeline()
#29 D:\\my-code\\kehu-web\\shop_mall\\backend\\vendor\\laravel\\lumen-framework\\src\\Concerns\\RoutesRequests.php(169): Laravel\\Lumen\\Application->handleFoundRoute()
#30 D:\\my-code\\kehu-web\\shop_mall\\backend\\vendor\\laravel\\lumen-framework\\src\\Routing\\Pipeline.php(48): Laravel\\Lumen\\Application->Laravel\\Lumen\\Concerns\\{closure}()
#31 D:\\my-code\\kehu-web\\shop_mall\\backend\\app\\Http\\Middleware\\CorsMiddleware.php(30): Laravel\\Lumen\\Routing\\Pipeline->Laravel\\Lumen\\Routing\\{closure}()
#32 D:\\my-code\\kehu-web\\shop_mall\\backend\\vendor\\illuminate\\pipeline\\Pipeline.php(167): App\\Http\\Middleware\\CorsMiddleware->handle()
#33 D:\\my-code\\kehu-web\\shop_mall\\backend\\vendor\\laravel\\lumen-framework\\src\\Routing\\Pipeline.php(30): Illuminate\\Pipeline\\Pipeline->Illuminate\\Pipeline\\{closure}()
#34 D:\\my-code\\kehu-web\\shop_mall\\backend\\vendor\\illuminate\\pipeline\\Pipeline.php(103): Laravel\\Lumen\\Routing\\Pipeline->Laravel\\Lumen\\Routing\\{closure}()
#35 D:\\my-code\\kehu-web\\shop_mall\\backend\\vendor\\laravel\\lumen-framework\\src\\Concerns\\RoutesRequests.php(426): Illuminate\\Pipeline\\Pipeline->then()
#36 D:\\my-code\\kehu-web\\shop_mall\\backend\\vendor\\laravel\\lumen-framework\\src\\Concerns\\RoutesRequests.php(165): Laravel\\Lumen\\Application->sendThroughPipeline()
#37 D:\\my-code\\kehu-web\\shop_mall\\backend\\vendor\\laravel\\lumen-framework\\src\\Concerns\\RoutesRequests.php(112): Laravel\\Lumen\\Application->dispatch()
#38 D:\\my-code\\kehu-web\\shop_mall\\backend\\public\\index.php(17): Laravel\\Lumen\\Application->run()
#39 {main}

[previous exception] [object] (PDOException(code: 0): PDO::__construct(): php_network_getaddresses: getaddrinfo for http failed: ï¿½ï¿½Öªï¿½ï¿½ï¿½ï¿½ï¿½ï¿½ï¿½ï¿½ï¿½ï¿½ï¿½ï¿½  at D:\\my-code\\kehu-web\\shop_mall\\backend\\vendor\\illuminate\\database\\Connectors\\Connector.php:70)
[stacktrace]
#0 D:\\my-code\\kehu-web\\shop_mall\\backend\\vendor\\illuminate\\database\\Connectors\\Connector.php(70): PDO->__construct()
#1 D:\\my-code\\kehu-web\\shop_mall\\backend\\vendor\\illuminate\\database\\Connectors\\Connector.php(45): Illuminate\\Database\\Connectors\\Connector->createPdoConnection()
#2 D:\\my-code\\kehu-web\\shop_mall\\backend\\vendor\\illuminate\\database\\Connectors\\MySqlConnector.php(24): Illuminate\\Database\\Connectors\\Connector->createConnection()
#3 D:\\my-code\\kehu-web\\shop_mall\\backend\\vendor\\illuminate\\database\\Connectors\\ConnectionFactory.php(184): Illuminate\\Database\\Connectors\\MySqlConnector->connect()
#4 [internal function]: Illuminate\\Database\\Connectors\\ConnectionFactory->Illuminate\\Database\\Connectors\\{closure}()
#5 D:\\my-code\\kehu-web\\shop_mall\\backend\\vendor\\illuminate\\database\\Connection.php(1064): call_user_func()
#6 D:\\my-code\\kehu-web\\shop_mall\\backend\\vendor\\illuminate\\database\\Connection.php(1100): Illuminate\\Database\\Connection->getPdo()
#7 D:\\my-code\\kehu-web\\shop_mall\\backend\\vendor\\illuminate\\database\\Connection.php(442): Illuminate\\Database\\Connection->getReadPdo()
#8 D:\\my-code\\kehu-web\\shop_mall\\backend\\vendor\\illuminate\\database\\Connection.php(368): Illuminate\\Database\\Connection->getPdoForSelect()
#9 D:\\my-code\\kehu-web\\shop_mall\\backend\\vendor\\illuminate\\database\\Connection.php(705): Illuminate\\Database\\Connection->Illuminate\\Database\\{closure}()
#10 D:\\my-code\\kehu-web\\shop_mall\\backend\\vendor\\illuminate\\database\\Connection.php(672): Illuminate\\Database\\Connection->runQueryCallback()
#11 D:\\my-code\\kehu-web\\shop_mall\\backend\\vendor\\illuminate\\database\\Connection.php(359): Illuminate\\Database\\Connection->run()
#12 D:\\my-code\\kehu-web\\shop_mall\\backend\\vendor\\illuminate\\database\\Query\\Builder.php(2413): Illuminate\\Database\\Connection->select()
#13 D:\\my-code\\kehu-web\\shop_mall\\backend\\vendor\\illuminate\\database\\Query\\Builder.php(2402): Illuminate\\Database\\Query\\Builder->runSelect()
#14 D:\\my-code\\kehu-web\\shop_mall\\backend\\vendor\\illuminate\\database\\Query\\Builder.php(2936): Illuminate\\Database\\Query\\Builder->Illuminate\\Database\\Query\\{closure}()
#15 D:\\my-code\\kehu-web\\shop_mall\\backend\\vendor\\illuminate\\database\\Query\\Builder.php(2401): Illuminate\\Database\\Query\\Builder->onceWithColumns()
#16 D:\\my-code\\kehu-web\\shop_mall\\backend\\vendor\\illuminate\\database\\Eloquent\\Builder.php(625): Illuminate\\Database\\Query\\Builder->get()
#17 D:\\my-code\\kehu-web\\shop_mall\\backend\\vendor\\illuminate\\database\\Eloquent\\Builder.php(609): Illuminate\\Database\\Eloquent\\Builder->getModels()
#18 D:\\my-code\\kehu-web\\shop_mall\\backend\\vendor\\illuminate\\database\\Concerns\\BuildsQueries.php(294): Illuminate\\Database\\Eloquent\\Builder->get()
#19 D:\\my-code\\kehu-web\\shop_mall\\backend\\vendor\\illuminate\\auth\\EloquentUserProvider.php(53): Illuminate\\Database\\Eloquent\\Builder->first()
#20 D:\\my-code\\kehu-web\\shop_mall\\backend\\vendor\\tymon\\jwt-auth\\src\\JWTGuard.php(81): Illuminate\\Auth\\EloquentUserProvider->retrieveById()
#21 D:\\my-code\\kehu-web\\shop_mall\\backend\\vendor\\illuminate\\auth\\GuardHelpers.php(60): Tymon\\JWTAuth\\JWTGuard->user()
#22 D:\\my-code\\kehu-web\\shop_mall\\backend\\vendor\\illuminate\\auth\\GuardHelpers.php(70): Tymon\\JWTAuth\\JWTGuard->check()
#23 D:\\my-code\\kehu-web\\shop_mall\\backend\\app\\Http\\Middleware\\AdminAuthenticate.php(19): Tymon\\JWTAuth\\JWTGuard->guest()
#24 D:\\my-code\\kehu-web\\shop_mall\\backend\\vendor\\illuminate\\pipeline\\Pipeline.php(167): App\\Http\\Middleware\\AdminAuthenticate->handle()
#25 D:\\my-code\\kehu-web\\shop_mall\\backend\\vendor\\laravel\\lumen-framework\\src\\Routing\\Pipeline.php(30): Illuminate\\Pipeline\\Pipeline->Illuminate\\Pipeline\\{closure}()
#26 D:\\my-code\\kehu-web\\shop_mall\\backend\\vendor\\illuminate\\pipeline\\Pipeline.php(103): Laravel\\Lumen\\Routing\\Pipeline->Laravel\\Lumen\\Routing\\{closure}()
#27 D:\\my-code\\kehu-web\\shop_mall\\backend\\vendor\\laravel\\lumen-framework\\src\\Concerns\\RoutesRequests.php(426): Illuminate\\Pipeline\\Pipeline->then()
#28 D:\\my-code\\kehu-web\\shop_mall\\backend\\vendor\\laravel\\lumen-framework\\src\\Concerns\\RoutesRequests.php(261): Laravel\\Lumen\\Application->sendThroughPipeline()
#29 D:\\my-code\\kehu-web\\shop_mall\\backend\\vendor\\laravel\\lumen-framework\\src\\Concerns\\RoutesRequests.php(169): Laravel\\Lumen\\Application->handleFoundRoute()
#30 D:\\my-code\\kehu-web\\shop_mall\\backend\\vendor\\laravel\\lumen-framework\\src\\Routing\\Pipeline.php(48): Laravel\\Lumen\\Application->Laravel\\Lumen\\Concerns\\{closure}()
#31 D:\\my-code\\kehu-web\\shop_mall\\backend\\app\\Http\\Middleware\\CorsMiddleware.php(30): Laravel\\Lumen\\Routing\\Pipeline->Laravel\\Lumen\\Routing\\{closure}()
#32 D:\\my-code\\kehu-web\\shop_mall\\backend\\vendor\\illuminate\\pipeline\\Pipeline.php(167): App\\Http\\Middleware\\CorsMiddleware->handle()
#33 D:\\my-code\\kehu-web\\shop_mall\\backend\\vendor\\laravel\\lumen-framework\\src\\Routing\\Pipeline.php(30): Illuminate\\Pipeline\\Pipeline->Illuminate\\Pipeline\\{closure}()
#34 D:\\my-code\\kehu-web\\shop_mall\\backend\\vendor\\illuminate\\pipeline\\Pipeline.php(103): Laravel\\Lumen\\Routing\\Pipeline->Laravel\\Lumen\\Routing\\{closure}()
#35 D:\\my-code\\kehu-web\\shop_mall\\backend\\vendor\\laravel\\lumen-framework\\src\\Concerns\\RoutesRequests.php(426): Illuminate\\Pipeline\\Pipeline->then()
#36 D:\\my-code\\kehu-web\\shop_mall\\backend\\vendor\\laravel\\lumen-framework\\src\\Concerns\\RoutesRequests.php(165): Laravel\\Lumen\\Application->sendThroughPipeline()
#37 D:\\my-code\\kehu-web\\shop_mall\\backend\\vendor\\laravel\\lumen-framework\\src\\Concerns\\RoutesRequests.php(112): Laravel\\Lumen\\Application->dispatch()
#38 D:\\my-code\\kehu-web\\shop_mall\\backend\\public\\index.php(17): Laravel\\Lumen\\Application->run()
#39 {main}
"} 
[2026-01-15 16:51:49] production.ERROR: SQLSTATE[HY000] [2002] php_network_getaddresses: getaddrinfo for http failed: ²»ÖªµÀÕâÑùµÄÖ÷»ú¡£  (SQL: select * from `announcements` where `status` = 1 order by `sort` asc, `created_at` desc) {"exception":"[object] (Illuminate\\Database\\QueryException(code: 2002): SQLSTATE[HY000] [2002] php_network_getaddresses: getaddrinfo for http failed: ï¿½ï¿½Öªï¿½ï¿½ï¿½ï¿½ï¿½ï¿½ï¿½ï¿½ï¿½ï¿½ï¿½ï¿½  (SQL: select * from `announcements` where `status` = 1 order by `sort` asc, `created_at` desc) at D:\\my-code\\kehu-web\\shop_mall\\backend\\vendor\\illuminate\\database\\Connection.php:712)
[stacktrace]
#0 D:\\my-code\\kehu-web\\shop_mall\\backend\\vendor\\illuminate\\database\\Connection.php(672): Illuminate\\Database\\Connection->runQueryCallback()
#1 D:\\my-code\\kehu-web\\shop_mall\\backend\\vendor\\illuminate\\database\\Connection.php(359): Illuminate\\Database\\Connection->run()
#2 D:\\my-code\\kehu-web\\shop_mall\\backend\\vendor\\illuminate\\database\\Query\\Builder.php(2413): Illuminate\\Database\\Connection->select()
#3 D:\\my-code\\kehu-web\\shop_mall\\backend\\vendor\\illuminate\\database\\Query\\Builder.php(2402): Illuminate\\Database\\Query\\Builder->runSelect()
#4 D:\\my-code\\kehu-web\\shop_mall\\backend\\vendor\\illuminate\\database\\Query\\Builder.php(2936): Illuminate\\Database\\Query\\Builder->Illuminate\\Database\\Query\\{closure}()
#5 D:\\my-code\\kehu-web\\shop_mall\\backend\\vendor\\illuminate\\database\\Query\\Builder.php(2401): Illuminate\\Database\\Query\\Builder->onceWithColumns()
#6 D:\\my-code\\kehu-web\\shop_mall\\backend\\vendor\\illuminate\\database\\Eloquent\\Builder.php(625): Illuminate\\Database\\Query\\Builder->get()
#7 D:\\my-code\\kehu-web\\shop_mall\\backend\\vendor\\illuminate\\database\\Eloquent\\Builder.php(609): Illuminate\\Database\\Eloquent\\Builder->getModels()
#8 D:\\my-code\\kehu-web\\shop_mall\\backend\\app\\Models\\Announcement.php(31): Illuminate\\Database\\Eloquent\\Builder->get()
#9 D:\\my-code\\kehu-web\\shop_mall\\backend\\app\\Http\\Controllers\\Api\\AnnouncementController.php(15): App\\Models\\Announcement::getActive()
#10 D:\\my-code\\kehu-web\\shop_mall\\backend\\vendor\\illuminate\\container\\BoundMethod.php(36): App\\Http\\Controllers\\Api\\AnnouncementController->index()
#11 D:\\my-code\\kehu-web\\shop_mall\\backend\\vendor\\illuminate\\container\\Util.php(40): Illuminate\\Container\\BoundMethod::Illuminate\\Container\\{closure}()
#12 D:\\my-code\\kehu-web\\shop_mall\\backend\\vendor\\illuminate\\container\\BoundMethod.php(93): Illuminate\\Container\\Util::unwrapIfClosure()
#13 D:\\my-code\\kehu-web\\shop_mall\\backend\\vendor\\illuminate\\container\\BoundMethod.php(35): Illuminate\\Container\\BoundMethod::callBoundMethod()
#14 D:\\my-code\\kehu-web\\shop_mall\\backend\\vendor\\illuminate\\container\\Container.php(653): Illuminate\\Container\\BoundMethod::call()
#15 D:\\my-code\\kehu-web\\shop_mall\\backend\\vendor\\laravel\\lumen-framework\\src\\Concerns\\RoutesRequests.php(389): Illuminate\\Container\\Container->call()
#16 D:\\my-code\\kehu-web\\shop_mall\\backend\\vendor\\laravel\\lumen-framework\\src\\Concerns\\RoutesRequests.php(354): Laravel\\Lumen\\Application->callControllerCallable()
#17 D:\\my-code\\kehu-web\\shop_mall\\backend\\vendor\\laravel\\lumen-framework\\src\\Concerns\\RoutesRequests.php(329): Laravel\\Lumen\\Application->callLumenController()
#18 D:\\my-code\\kehu-web\\shop_mall\\backend\\vendor\\laravel\\lumen-framework\\src\\Concerns\\RoutesRequests.php(282): Laravel\\Lumen\\Application->callControllerAction()
#19 D:\\my-code\\kehu-web\\shop_mall\\backend\\vendor\\laravel\\lumen-framework\\src\\Concerns\\RoutesRequests.php(267): Laravel\\Lumen\\Application->callActionOnArrayBasedRoute()
#20 D:\\my-code\\kehu-web\\shop_mall\\backend\\vendor\\laravel\\lumen-framework\\src\\Concerns\\RoutesRequests.php(169): Laravel\\Lumen\\Application->handleFoundRoute()
#21 D:\\my-code\\kehu-web\\shop_mall\\backend\\vendor\\laravel\\lumen-framework\\src\\Routing\\Pipeline.php(48): Laravel\\Lumen\\Application->Laravel\\Lumen\\Concerns\\{closure}()
#22 D:\\my-code\\kehu-web\\shop_mall\\backend\\app\\Http\\Middleware\\CorsMiddleware.php(30): Laravel\\Lumen\\Routing\\Pipeline->Laravel\\Lumen\\Routing\\{closure}()
#23 D:\\my-code\\kehu-web\\shop_mall\\backend\\vendor\\illuminate\\pipeline\\Pipeline.php(167): App\\Http\\Middleware\\CorsMiddleware->handle()
#24 D:\\my-code\\kehu-web\\shop_mall\\backend\\vendor\\laravel\\lumen-framework\\src\\Routing\\Pipeline.php(30): Illuminate\\Pipeline\\Pipeline->Illuminate\\Pipeline\\{closure}()
#25 D:\\my-code\\kehu-web\\shop_mall\\backend\\vendor\\illuminate\\pipeline\\Pipeline.php(103): Laravel\\Lumen\\Routing\\Pipeline->Laravel\\Lumen\\Routing\\{closure}()
#26 D:\\my-code\\kehu-web\\shop_mall\\backend\\vendor\\laravel\\lumen-framework\\src\\Concerns\\RoutesRequests.php(426): Illuminate\\Pipeline\\Pipeline->then()
#27 D:\\my-code\\kehu-web\\shop_mall\\backend\\vendor\\laravel\\lumen-framework\\src\\Concerns\\RoutesRequests.php(165): Laravel\\Lumen\\Application->sendThroughPipeline()
#28 D:\\my-code\\kehu-web\\shop_mall\\backend\\vendor\\laravel\\lumen-framework\\src\\Concerns\\RoutesRequests.php(112): Laravel\\Lumen\\Application->dispatch()
#29 D:\\my-code\\kehu-web\\shop_mall\\backend\\public\\index.php(17): Laravel\\Lumen\\Application->run()
#30 {main}

[previous exception] [object] (PDOException(code: 2002): SQLSTATE[HY000] [2002] php_network_getaddresses: getaddrinfo for http failed: ï¿½ï¿½Öªï¿½ï¿½ï¿½ï¿½ï¿½ï¿½ï¿½ï¿½ï¿½ï¿½ï¿½ï¿½  at D:\\my-code\\kehu-web\\shop_mall\\backend\\vendor\\illuminate\\database\\Connectors\\Connector.php:70)
[stacktrace]
#0 D:\\my-code\\kehu-web\\shop_mall\\backend\\vendor\\illuminate\\database\\Connectors\\Connector.php(70): PDO->__construct()
#1 D:\\my-code\\kehu-web\\shop_mall\\backend\\vendor\\illuminate\\database\\Connectors\\Connector.php(45): Illuminate\\Database\\Connectors\\Connector->createPdoConnection()
#2 D:\\my-code\\kehu-web\\shop_mall\\backend\\vendor\\illuminate\\database\\Connectors\\MySqlConnector.php(24): Illuminate\\Database\\Connectors\\Connector->createConnection()
#3 D:\\my-code\\kehu-web\\shop_mall\\backend\\vendor\\illuminate\\database\\Connectors\\ConnectionFactory.php(184): Illuminate\\Database\\Connectors\\MySqlConnector->connect()
#4 [internal function]: Illuminate\\Database\\Connectors\\ConnectionFactory->Illuminate\\Database\\Connectors\\{closure}()
#5 D:\\my-code\\kehu-web\\shop_mall\\backend\\vendor\\illuminate\\database\\Connection.php(1064): call_user_func()
#6 D:\\my-code\\kehu-web\\shop_mall\\backend\\vendor\\illuminate\\database\\Connection.php(1100): Illuminate\\Database\\Connection->getPdo()
#7 D:\\my-code\\kehu-web\\shop_mall\\backend\\vendor\\illuminate\\database\\Connection.php(442): Illuminate\\Database\\Connection->getReadPdo()
#8 D:\\my-code\\kehu-web\\shop_mall\\backend\\vendor\\illuminate\\database\\Connection.php(368): Illuminate\\Database\\Connection->getPdoForSelect()
#9 D:\\my-code\\kehu-web\\shop_mall\\backend\\vendor\\illuminate\\database\\Connection.php(705): Illuminate\\Database\\Connection->Illuminate\\Database\\{closure}()
#10 D:\\my-code\\kehu-web\\shop_mall\\backend\\vendor\\illuminate\\database\\Connection.php(672): Illuminate\\Database\\Connection->runQueryCallback()
#11 D:\\my-code\\kehu-web\\shop_mall\\backend\\vendor\\illuminate\\database\\Connection.php(359): Illuminate\\Database\\Connection->run()
#12 D:\\my-code\\kehu-web\\shop_mall\\backend\\vendor\\illuminate\\database\\Query\\Builder.php(2413): Illuminate\\Database\\Connection->select()
#13 D:\\my-code\\kehu-web\\shop_mall\\backend\\vendor\\illuminate\\database\\Query\\Builder.php(2402): Illuminate\\Database\\Query\\Builder->runSelect()
#14 D:\\my-code\\kehu-web\\shop_mall\\backend\\vendor\\illuminate\\database\\Query\\Builder.php(2936): Illuminate\\Database\\Query\\Builder->Illuminate\\Database\\Query\\{closure}()
#15 D:\\my-code\\kehu-web\\shop_mall\\backend\\vendor\\illuminate\\database\\Query\\Builder.php(2401): Illuminate\\Database\\Query\\Builder->onceWithColumns()
#16 D:\\my-code\\kehu-web\\shop_mall\\backend\\vendor\\illuminate\\database\\Eloquent\\Builder.php(625): Illuminate\\Database\\Query\\Builder->get()
#17 D:\\my-code\\kehu-web\\shop_mall\\backend\\vendor\\illuminate\\database\\Eloquent\\Builder.php(609): Illuminate\\Database\\Eloquent\\Builder->getModels()
#18 D:\\my-code\\kehu-web\\shop_mall\\backend\\app\\Models\\Announcement.php(31): Illuminate\\Database\\Eloquent\\Builder->get()
#19 D:\\my-code\\kehu-web\\shop_mall\\backend\\app\\Http\\Controllers\\Api\\AnnouncementController.php(15): App\\Models\\Announcement::getActive()
#20 D:\\my-code\\kehu-web\\shop_mall\\backend\\vendor\\illuminate\\container\\BoundMethod.php(36): App\\Http\\Controllers\\Api\\AnnouncementController->index()
#21 D:\\my-code\\kehu-web\\shop_mall\\backend\\vendor\\illuminate\\container\\Util.php(40): Illuminate\\Container\\BoundMethod::Illuminate\\Container\\{closure}()
#22 D:\\my-code\\kehu-web\\shop_mall\\backend\\vendor\\illuminate\\container\\BoundMethod.php(93): Illuminate\\Container\\Util::unwrapIfClosure()
#23 D:\\my-code\\kehu-web\\shop_mall\\backend\\vendor\\illuminate\\container\\BoundMethod.php(35): Illuminate\\Container\\BoundMethod::callBoundMethod()
#24 D:\\my-code\\kehu-web\\shop_mall\\backend\\vendor\\illuminate\\container\\Container.php(653): Illuminate\\Container\\BoundMethod::call()
#25 D:\\my-code\\kehu-web\\shop_mall\\backend\\vendor\\laravel\\lumen-framework\\src\\Concerns\\RoutesRequests.php(389): Illuminate\\Container\\Container->call()
#26 D:\\my-code\\kehu-web\\shop_mall\\backend\\vendor\\laravel\\lumen-framework\\src\\Concerns\\RoutesRequests.php(354): Laravel\\Lumen\\Application->callControllerCallable()
#27 D:\\my-code\\kehu-web\\shop_mall\\backend\\vendor\\laravel\\lumen-framework\\src\\Concerns\\RoutesRequests.php(329): Laravel\\Lumen\\Application->callLumenController()
#28 D:\\my-code\\kehu-web\\shop_mall\\backend\\vendor\\laravel\\lumen-framework\\src\\Concerns\\RoutesRequests.php(282): Laravel\\Lumen\\Application->callControllerAction()
#29 D:\\my-code\\kehu-web\\shop_mall\\backend\\vendor\\laravel\\lumen-framework\\src\\Concerns\\RoutesRequests.php(267): Laravel\\Lumen\\Application->callActionOnArrayBasedRoute()
#30 D:\\my-code\\kehu-web\\shop_mall\\backend\\vendor\\laravel\\lumen-framework\\src\\Concerns\\RoutesRequests.php(169): Laravel\\Lumen\\Application->handleFoundRoute()
#31 D:\\my-code\\kehu-web\\shop_mall\\backend\\vendor\\laravel\\lumen-framework\\src\\Routing\\Pipeline.php(48): Laravel\\Lumen\\Application->Laravel\\Lumen\\Concerns\\{closure}()
#32 D:\\my-code\\kehu-web\\shop_mall\\backend\\app\\Http\\Middleware\\CorsMiddleware.php(30): Laravel\\Lumen\\Routing\\Pipeline->Laravel\\Lumen\\Routing\\{closure}()
#33 D:\\my-code\\kehu-web\\shop_mall\\backend\\vendor\\illuminate\\pipeline\\Pipeline.php(167): App\\Http\\Middleware\\CorsMiddleware->handle()
#34 D:\\my-code\\kehu-web\\shop_mall\\backend\\vendor\\laravel\\lumen-framework\\src\\Routing\\Pipeline.php(30): Illuminate\\Pipeline\\Pipeline->Illuminate\\Pipeline\\{closure}()
#35 D:\\my-code\\kehu-web\\shop_mall\\backend\\vendor\\illuminate\\pipeline\\Pipeline.php(103): Laravel\\Lumen\\Routing\\Pipeline->Laravel\\Lumen\\Routing\\{closure}()
#36 D:\\my-code\\kehu-web\\shop_mall\\backend\\vendor\\laravel\\lumen-framework\\src\\Concerns\\RoutesRequests.php(426): Illuminate\\Pipeline\\Pipeline->then()
#37 D:\\my-code\\kehu-web\\shop_mall\\backend\\vendor\\laravel\\lumen-framework\\src\\Concerns\\RoutesRequests.php(165): Laravel\\Lumen\\Application->sendThroughPipeline()
#38 D:\\my-code\\kehu-web\\shop_mall\\backend\\vendor\\laravel\\lumen-framework\\src\\Concerns\\RoutesRequests.php(112): Laravel\\Lumen\\Application->dispatch()
#39 D:\\my-code\\kehu-web\\shop_mall\\backend\\public\\index.php(17): Laravel\\Lumen\\Application->run()
#40 {main}

[previous exception] [object] (PDOException(code: 0): PDO::__construct(): php_network_getaddresses: getaddrinfo for http failed: ï¿½ï¿½Öªï¿½ï¿½ï¿½ï¿½ï¿½ï¿½ï¿½ï¿½ï¿½ï¿½ï¿½ï¿½  at D:\\my-code\\kehu-web\\shop_mall\\backend\\vendor\\illuminate\\database\\Connectors\\Connector.php:70)
[stacktrace]
#0 D:\\my-code\\kehu-web\\shop_mall\\backend\\vendor\\illuminate\\database\\Connectors\\Connector.php(70): PDO->__construct()
#1 D:\\my-code\\kehu-web\\shop_mall\\backend\\vendor\\illuminate\\database\\Connectors\\Connector.php(45): Illuminate\\Database\\Connectors\\Connector->createPdoConnection()
#2 D:\\my-code\\kehu-web\\shop_mall\\backend\\vendor\\illuminate\\database\\Connectors\\MySqlConnector.php(24): Illuminate\\Database\\Connectors\\Connector->createConnection()
#3 D:\\my-code\\kehu-web\\shop_mall\\backend\\vendor\\illuminate\\database\\Connectors\\ConnectionFactory.php(184): Illuminate\\Database\\Connectors\\MySqlConnector->connect()
#4 [internal function]: Illuminate\\Database\\Connectors\\ConnectionFactory->Illuminate\\Database\\Connectors\\{closure}()
#5 D:\\my-code\\kehu-web\\shop_mall\\backend\\vendor\\illuminate\\database\\Connection.php(1064): call_user_func()
#6 D:\\my-code\\kehu-web\\shop_mall\\backend\\vendor\\illuminate\\database\\Connection.php(1100): Illuminate\\Database\\Connection->getPdo()
#7 D:\\my-code\\kehu-web\\shop_mall\\backend\\vendor\\illuminate\\database\\Connection.php(442): Illuminate\\Database\\Connection->getReadPdo()
#8 D:\\my-code\\kehu-web\\shop_mall\\backend\\vendor\\illuminate\\database\\Connection.php(368): Illuminate\\Database\\Connection->getPdoForSelect()
#9 D:\\my-code\\kehu-web\\shop_mall\\backend\\vendor\\illuminate\\database\\Connection.php(705): Illuminate\\Database\\Connection->Illuminate\\Database\\{closure}()
#10 D:\\my-code\\kehu-web\\shop_mall\\backend\\vendor\\illuminate\\database\\Connection.php(672): Illuminate\\Database\\Connection->runQueryCallback()
#11 D:\\my-code\\kehu-web\\shop_mall\\backend\\vendor\\illuminate\\database\\Connection.php(359): Illuminate\\Database\\Connection->run()
#12 D:\\my-code\\kehu-web\\shop_mall\\backend\\vendor\\illuminate\\database\\Query\\Builder.php(2413): Illuminate\\Database\\Connection->select()
#13 D:\\my-code\\kehu-web\\shop_mall\\backend\\vendor\\illuminate\\database\\Query\\Builder.php(2402): Illuminate\\Database\\Query\\Builder->runSelect()
#14 D:\\my-code\\kehu-web\\shop_mall\\backend\\vendor\\illuminate\\database\\Query\\Builder.php(2936): Illuminate\\Database\\Query\\Builder->Illuminate\\Database\\Query\\{closure}()
#15 D:\\my-code\\kehu-web\\shop_mall\\backend\\vendor\\illuminate\\database\\Query\\Builder.php(2401): Illuminate\\Database\\Query\\Builder->onceWithColumns()
#16 D:\\my-code\\kehu-web\\shop_mall\\backend\\vendor\\illuminate\\database\\Eloquent\\Builder.php(625): Illuminate\\Database\\Query\\Builder->get()
#17 D:\\my-code\\kehu-web\\shop_mall\\backend\\vendor\\illuminate\\database\\Eloquent\\Builder.php(609): Illuminate\\Database\\Eloquent\\Builder->getModels()
#18 D:\\my-code\\kehu-web\\shop_mall\\backend\\app\\Models\\Announcement.php(31): Illuminate\\Database\\Eloquent\\Builder->get()
#19 D:\\my-code\\kehu-web\\shop_mall\\backend\\app\\Http\\Controllers\\Api\\AnnouncementController.php(15): App\\Models\\Announcement::getActive()
#20 D:\\my-code\\kehu-web\\shop_mall\\backend\\vendor\\illuminate\\container\\BoundMethod.php(36): App\\Http\\Controllers\\Api\\AnnouncementController->index()
#21 D:\\my-code\\kehu-web\\shop_mall\\backend\\vendor\\illuminate\\container\\Util.php(40): Illuminate\\Container\\BoundMethod::Illuminate\\Container\\{closure}()
#22 D:\\my-code\\kehu-web\\shop_mall\\backend\\vendor\\illuminate\\container\\BoundMethod.php(93): Illuminate\\Container\\Util::unwrapIfClosure()
#23 D:\\my-code\\kehu-web\\shop_mall\\backend\\vendor\\illuminate\\container\\BoundMethod.php(35): Illuminate\\Container\\BoundMethod::callBoundMethod()
#24 D:\\my-code\\kehu-web\\shop_mall\\backend\\vendor\\illuminate\\container\\Container.php(653): Illuminate\\Container\\BoundMethod::call()
#25 D:\\my-code\\kehu-web\\shop_mall\\backend\\vendor\\laravel\\lumen-framework\\src\\Concerns\\RoutesRequests.php(389): Illuminate\\Container\\Container->call()
#26 D:\\my-code\\kehu-web\\shop_mall\\backend\\vendor\\laravel\\lumen-framework\\src\\Concerns\\RoutesRequests.php(354): Laravel\\Lumen\\Application->callControllerCallable()
#27 D:\\my-code\\kehu-web\\shop_mall\\backend\\vendor\\laravel\\lumen-framework\\src\\Concerns\\RoutesRequests.php(329): Laravel\\Lumen\\Application->callLumenController()
#28 D:\\my-code\\kehu-web\\shop_mall\\backend\\vendor\\laravel\\lumen-framework\\src\\Concerns\\RoutesRequests.php(282): Laravel\\Lumen\\Application->callControllerAction()
#29 D:\\my-code\\kehu-web\\shop_mall\\backend\\vendor\\laravel\\lumen-framework\\src\\Concerns\\RoutesRequests.php(267): Laravel\\Lumen\\Application->callActionOnArrayBasedRoute()
#30 D:\\my-code\\kehu-web\\shop_mall\\backend\\vendor\\laravel\\lumen-framework\\src\\Concerns\\RoutesRequests.php(169): Laravel\\Lumen\\Application->handleFoundRoute()
#31 D:\\my-code\\kehu-web\\shop_mall\\backend\\vendor\\laravel\\lumen-framework\\src\\Routing\\Pipeline.php(48): Laravel\\Lumen\\Application->Laravel\\Lumen\\Concerns\\{closure}()
#32 D:\\my-code\\kehu-web\\shop_mall\\backend\\app\\Http\\Middleware\\CorsMiddleware.php(30): Laravel\\Lumen\\Routing\\Pipeline->Laravel\\Lumen\\Routing\\{closure}()
#33 D:\\my-code\\kehu-web\\shop_mall\\backend\\vendor\\illuminate\\pipeline\\Pipeline.php(167): App\\Http\\Middleware\\CorsMiddleware->handle()
#34 D:\\my-code\\kehu-web\\shop_mall\\backend\\vendor\\laravel\\lumen-framework\\src\\Routing\\Pipeline.php(30): Illuminate\\Pipeline\\Pipeline->Illuminate\\Pipeline\\{closure}()
#35 D:\\my-code\\kehu-web\\shop_mall\\backend\\vendor\\illuminate\\pipeline\\Pipeline.php(103): Laravel\\Lumen\\Routing\\Pipeline->Laravel\\Lumen\\Routing\\{closure}()
#36 D:\\my-code\\kehu-web\\shop_mall\\backend\\vendor\\laravel\\lumen-framework\\src\\Concerns\\RoutesRequests.php(426): Illuminate\\Pipeline\\Pipeline->then()
#37 D:\\my-code\\kehu-web\\shop_mall\\backend\\vendor\\laravel\\lumen-framework\\src\\Concerns\\RoutesRequests.php(165): Laravel\\Lumen\\Application->sendThroughPipeline()
#38 D:\\my-code\\kehu-web\\shop_mall\\backend\\vendor\\laravel\\lumen-framework\\src\\Concerns\\RoutesRequests.php(112): Laravel\\Lumen\\Application->dispatch()
#39 D:\\my-code\\kehu-web\\shop_mall\\backend\\public\\index.php(17): Laravel\\Lumen\\Application->run()
#40 {main}
"} 
[2026-01-15 16:51:51] production.ERROR: SQLSTATE[HY000] [2002] php_network_getaddresses: getaddrinfo for http failed: ²»ÖªµÀÕâÑùµÄÖ÷»ú¡£  (SQL: select * from `promotions` where `promotions`.`id` = 1 limit 1) {"exception":"[object] (Illuminate\\Database\\QueryException(code: 2002): SQLSTATE[HY000] [2002] php_network_getaddresses: getaddrinfo for http failed: ï¿½ï¿½Öªï¿½ï¿½ï¿½ï¿½ï¿½ï¿½ï¿½ï¿½ï¿½ï¿½ï¿½ï¿½  (SQL: select * from `promotions` where `promotions`.`id` = 1 limit 1) at D:\\my-code\\kehu-web\\shop_mall\\backend\\vendor\\illuminate\\database\\Connection.php:712)
[stacktrace]
#0 D:\\my-code\\kehu-web\\shop_mall\\backend\\vendor\\illuminate\\database\\Connection.php(672): Illuminate\\Database\\Connection->runQueryCallback()
#1 D:\\my-code\\kehu-web\\shop_mall\\backend\\vendor\\illuminate\\database\\Connection.php(359): Illuminate\\Database\\Connection->run()
#2 D:\\my-code\\kehu-web\\shop_mall\\backend\\vendor\\illuminate\\database\\Query\\Builder.php(2413): Illuminate\\Database\\Connection->select()
#3 D:\\my-code\\kehu-web\\shop_mall\\backend\\vendor\\illuminate\\database\\Query\\Builder.php(2402): Illuminate\\Database\\Query\\Builder->runSelect()
#4 D:\\my-code\\kehu-web\\shop_mall\\backend\\vendor\\illuminate\\database\\Query\\Builder.php(2936): Illuminate\\Database\\Query\\Builder->Illuminate\\Database\\Query\\{closure}()
#5 D:\\my-code\\kehu-web\\shop_mall\\backend\\vendor\\illuminate\\database\\Query\\Builder.php(2401): Illuminate\\Database\\Query\\Builder->onceWithColumns()
#6 D:\\my-code\\kehu-web\\shop_mall\\backend\\vendor\\illuminate\\database\\Eloquent\\Builder.php(625): Illuminate\\Database\\Query\\Builder->get()
#7 D:\\my-code\\kehu-web\\shop_mall\\backend\\vendor\\illuminate\\database\\Eloquent\\Builder.php(609): Illuminate\\Database\\Eloquent\\Builder->getModels()
#8 D:\\my-code\\kehu-web\\shop_mall\\backend\\vendor\\illuminate\\database\\Concerns\\BuildsQueries.php(294): Illuminate\\Database\\Eloquent\\Builder->get()
#9 D:\\my-code\\kehu-web\\shop_mall\\backend\\vendor\\illuminate\\database\\Eloquent\\Builder.php(400): Illuminate\\Database\\Eloquent\\Builder->first()
#10 D:\\my-code\\kehu-web\\shop_mall\\backend\\vendor\\illuminate\\support\\Traits\\ForwardsCalls.php(23): Illuminate\\Database\\Eloquent\\Builder->find()
#11 D:\\my-code\\kehu-web\\shop_mall\\backend\\vendor\\illuminate\\database\\Eloquent\\Model.php(2132): Illuminate\\Database\\Eloquent\\Model->forwardCallTo()
#12 D:\\my-code\\kehu-web\\shop_mall\\backend\\vendor\\illuminate\\database\\Eloquent\\Model.php(2144): Illuminate\\Database\\Eloquent\\Model->__call()
#13 D:\\my-code\\kehu-web\\shop_mall\\backend\\app\\Http\\Controllers\\Api\\OffCodeController.php(155): Illuminate\\Database\\Eloquent\\Model::__callStatic()
#14 D:\\my-code\\kehu-web\\shop_mall\\backend\\vendor\\illuminate\\container\\BoundMethod.php(36): App\\Http\\Controllers\\Api\\OffCodeController->checkShowPopup()
#15 D:\\my-code\\kehu-web\\shop_mall\\backend\\vendor\\illuminate\\container\\Util.php(40): Illuminate\\Container\\BoundMethod::Illuminate\\Container\\{closure}()
#16 D:\\my-code\\kehu-web\\shop_mall\\backend\\vendor\\illuminate\\container\\BoundMethod.php(93): Illuminate\\Container\\Util::unwrapIfClosure()
#17 D:\\my-code\\kehu-web\\shop_mall\\backend\\vendor\\illuminate\\container\\BoundMethod.php(35): Illuminate\\Container\\BoundMethod::callBoundMethod()
#18 D:\\my-code\\kehu-web\\shop_mall\\backend\\vendor\\illuminate\\container\\Container.php(653): Illuminate\\Container\\BoundMethod::call()
#19 D:\\my-code\\kehu-web\\shop_mall\\backend\\vendor\\laravel\\lumen-framework\\src\\Concerns\\RoutesRequests.php(389): Illuminate\\Container\\Container->call()
#20 D:\\my-code\\kehu-web\\shop_mall\\backend\\vendor\\laravel\\lumen-framework\\src\\Concerns\\RoutesRequests.php(354): Laravel\\Lumen\\Application->callControllerCallable()
#21 D:\\my-code\\kehu-web\\shop_mall\\backend\\vendor\\laravel\\lumen-framework\\src\\Concerns\\RoutesRequests.php(329): Laravel\\Lumen\\Application->callLumenController()
#22 D:\\my-code\\kehu-web\\shop_mall\\backend\\vendor\\laravel\\lumen-framework\\src\\Concerns\\RoutesRequests.php(282): Laravel\\Lumen\\Application->callControllerAction()
#23 D:\\my-code\\kehu-web\\shop_mall\\backend\\vendor\\laravel\\lumen-framework\\src\\Concerns\\RoutesRequests.php(267): Laravel\\Lumen\\Application->callActionOnArrayBasedRoute()
#24 D:\\my-code\\kehu-web\\shop_mall\\backend\\vendor\\laravel\\lumen-framework\\src\\Concerns\\RoutesRequests.php(169): Laravel\\Lumen\\Application->handleFoundRoute()
#25 D:\\my-code\\kehu-web\\shop_mall\\backend\\vendor\\laravel\\lumen-framework\\src\\Routing\\Pipeline.php(48): Laravel\\Lumen\\Application->Laravel\\Lumen\\Concerns\\{closure}()
#26 D:\\my-code\\kehu-web\\shop_mall\\backend\\app\\Http\\Middleware\\CorsMiddleware.php(30): Laravel\\Lumen\\Routing\\Pipeline->Laravel\\Lumen\\Routing\\{closure}()
#27 D:\\my-code\\kehu-web\\shop_mall\\backend\\vendor\\illuminate\\pipeline\\Pipeline.php(167): App\\Http\\Middleware\\CorsMiddleware->handle()
#28 D:\\my-code\\kehu-web\\shop_mall\\backend\\vendor\\laravel\\lumen-framework\\src\\Routing\\Pipeline.php(30): Illuminate\\Pipeline\\Pipeline->Illuminate\\Pipeline\\{closure}()
#29 D:\\my-code\\kehu-web\\shop_mall\\backend\\vendor\\illuminate\\pipeline\\Pipeline.php(103): Laravel\\Lumen\\Routing\\Pipeline->Laravel\\Lumen\\Routing\\{closure}()
#30 D:\\my-code\\kehu-web\\shop_mall\\backend\\vendor\\laravel\\lumen-framework\\src\\Concerns\\RoutesRequests.php(426): Illuminate\\Pipeline\\Pipeline->then()
#31 D:\\my-code\\kehu-web\\shop_mall\\backend\\vendor\\laravel\\lumen-framework\\src\\Concerns\\RoutesRequests.php(165): Laravel\\Lumen\\Application->sendThroughPipeline()
#32 D:\\my-code\\kehu-web\\shop_mall\\backend\\vendor\\laravel\\lumen-framework\\src\\Concerns\\RoutesRequests.php(112): Laravel\\Lumen\\Application->dispatch()
#33 D:\\my-code\\kehu-web\\shop_mall\\backend\\public\\index.php(17): Laravel\\Lumen\\Application->run()
#34 {main}

[previous exception] [object] (PDOException(code: 2002): SQLSTATE[HY000] [2002] php_network_getaddresses: getaddrinfo for http failed: ï¿½ï¿½Öªï¿½ï¿½ï¿½ï¿½ï¿½ï¿½ï¿½ï¿½ï¿½ï¿½ï¿½ï¿½  at D:\\my-code\\kehu-web\\shop_mall\\backend\\vendor\\illuminate\\database\\Connectors\\Connector.php:70)
[stacktrace]
#0 D:\\my-code\\kehu-web\\shop_mall\\backend\\vendor\\illuminate\\database\\Connectors\\Connector.php(70): PDO->__construct()
#1 D:\\my-code\\kehu-web\\shop_mall\\backend\\vendor\\illuminate\\database\\Connectors\\Connector.php(45): Illuminate\\Database\\Connectors\\Connector->createPdoConnection()
#2 D:\\my-code\\kehu-web\\shop_mall\\backend\\vendor\\illuminate\\database\\Connectors\\MySqlConnector.php(24): Illuminate\\Database\\Connectors\\Connector->createConnection()
#3 D:\\my-code\\kehu-web\\shop_mall\\backend\\vendor\\illuminate\\database\\Connectors\\ConnectionFactory.php(184): Illuminate\\Database\\Connectors\\MySqlConnector->connect()
#4 [internal function]: Illuminate\\Database\\Connectors\\ConnectionFactory->Illuminate\\Database\\Connectors\\{closure}()
#5 D:\\my-code\\kehu-web\\shop_mall\\backend\\vendor\\illuminate\\database\\Connection.php(1064): call_user_func()
#6 D:\\my-code\\kehu-web\\shop_mall\\backend\\vendor\\illuminate\\database\\Connection.php(1100): Illuminate\\Database\\Connection->getPdo()
#7 D:\\my-code\\kehu-web\\shop_mall\\backend\\vendor\\illuminate\\database\\Connection.php(442): Illuminate\\Database\\Connection->getReadPdo()
#8 D:\\my-code\\kehu-web\\shop_mall\\backend\\vendor\\illuminate\\database\\Connection.php(368): Illuminate\\Database\\Connection->getPdoForSelect()
#9 D:\\my-code\\kehu-web\\shop_mall\\backend\\vendor\\illuminate\\database\\Connection.php(705): Illuminate\\Database\\Connection->Illuminate\\Database\\{closure}()
#10 D:\\my-code\\kehu-web\\shop_mall\\backend\\vendor\\illuminate\\database\\Connection.php(672): Illuminate\\Database\\Connection->runQueryCallback()
#11 D:\\my-code\\kehu-web\\shop_mall\\backend\\vendor\\illuminate\\database\\Connection.php(359): Illuminate\\Database\\Connection->run()
#12 D:\\my-code\\kehu-web\\shop_mall\\backend\\vendor\\illuminate\\database\\Query\\Builder.php(2413): Illuminate\\Database\\Connection->select()
#13 D:\\my-code\\kehu-web\\shop_mall\\backend\\vendor\\illuminate\\database\\Query\\Builder.php(2402): Illuminate\\Database\\Query\\Builder->runSelect()
#14 D:\\my-code\\kehu-web\\shop_mall\\backend\\vendor\\illuminate\\database\\Query\\Builder.php(2936): Illuminate\\Database\\Query\\Builder->Illuminate\\Database\\Query\\{closure}()
#15 D:\\my-code\\kehu-web\\shop_mall\\backend\\vendor\\illuminate\\database\\Query\\Builder.php(2401): Illuminate\\Database\\Query\\Builder->onceWithColumns()
#16 D:\\my-code\\kehu-web\\shop_mall\\backend\\vendor\\illuminate\\database\\Eloquent\\Builder.php(625): Illuminate\\Database\\Query\\Builder->get()
#17 D:\\my-code\\kehu-web\\shop_mall\\backend\\vendor\\illuminate\\database\\Eloquent\\Builder.php(609): Illuminate\\Database\\Eloquent\\Builder->getModels()
#18 D:\\my-code\\kehu-web\\shop_mall\\backend\\vendor\\illuminate\\database\\Concerns\\BuildsQueries.php(294): Illuminate\\Database\\Eloquent\\Builder->get()
#19 D:\\my-code\\kehu-web\\shop_mall\\backend\\vendor\\illuminate\\database\\Eloquent\\Builder.php(400): Illuminate\\Database\\Eloquent\\Builder->first()
#20 D:\\my-code\\kehu-web\\shop_mall\\backend\\vendor\\illuminate\\support\\Traits\\ForwardsCalls.php(23): Illuminate\\Database\\Eloquent\\Builder->find()
#21 D:\\my-code\\kehu-web\\shop_mall\\backend\\vendor\\illuminate\\database\\Eloquent\\Model.php(2132): Illuminate\\Database\\Eloquent\\Model->forwardCallTo()
#22 D:\\my-code\\kehu-web\\shop_mall\\backend\\vendor\\illuminate\\database\\Eloquent\\Model.php(2144): Illuminate\\Database\\Eloquent\\Model->__call()
#23 D:\\my-code\\kehu-web\\shop_mall\\backend\\app\\Http\\Controllers\\Api\\OffCodeController.php(155): Illuminate\\Database\\Eloquent\\Model::__callStatic()
#24 D:\\my-code\\kehu-web\\shop_mall\\backend\\vendor\\illuminate\\container\\BoundMethod.php(36): App\\Http\\Controllers\\Api\\OffCodeController->checkShowPopup()
#25 D:\\my-code\\kehu-web\\shop_mall\\backend\\vendor\\illuminate\\container\\Util.php(40): Illuminate\\Container\\BoundMethod::Illuminate\\Container\\{closure}()
#26 D:\\my-code\\kehu-web\\shop_mall\\backend\\vendor\\illuminate\\container\\BoundMethod.php(93): Illuminate\\Container\\Util::unwrapIfClosure()
#27 D:\\my-code\\kehu-web\\shop_mall\\backend\\vendor\\illuminate\\container\\BoundMethod.php(35): Illuminate\\Container\\BoundMethod::callBoundMethod()
#28 D:\\my-code\\kehu-web\\shop_mall\\backend\\vendor\\illuminate\\container\\Container.php(653): Illuminate\\Container\\BoundMethod::call()
#29 D:\\my-code\\kehu-web\\shop_mall\\backend\\vendor\\laravel\\lumen-framework\\src\\Concerns\\RoutesRequests.php(389): Illuminate\\Container\\Container->call()
#30 D:\\my-code\\kehu-web\\shop_mall\\backend\\vendor\\laravel\\lumen-framework\\src\\Concerns\\RoutesRequests.php(354): Laravel\\Lumen\\Application->callControllerCallable()
#31 D:\\my-code\\kehu-web\\shop_mall\\backend\\vendor\\laravel\\lumen-framework\\src\\Concerns\\RoutesRequests.php(329): Laravel\\Lumen\\Application->callLumenController()
#32 D:\\my-code\\kehu-web\\shop_mall\\backend\\vendor\\laravel\\lumen-framework\\src\\Concerns\\RoutesRequests.php(282): Laravel\\Lumen\\Application->callControllerAction()
#33 D:\\my-code\\kehu-web\\shop_mall\\backend\\vendor\\laravel\\lumen-framework\\src\\Concerns\\RoutesRequests.php(267): Laravel\\Lumen\\Application->callActionOnArrayBasedRoute()
#34 D:\\my-code\\kehu-web\\shop_mall\\backend\\vendor\\laravel\\lumen-framework\\src\\Concerns\\RoutesRequests.php(169): Laravel\\Lumen\\Application->handleFoundRoute()
#35 D:\\my-code\\kehu-web\\shop_mall\\backend\\vendor\\laravel\\lumen-framework\\src\\Routing\\Pipeline.php(48): Laravel\\Lumen\\Application->Laravel\\Lumen\\Concerns\\{closure}()
#36 D:\\my-code\\kehu-web\\shop_mall\\backend\\app\\Http\\Middleware\\CorsMiddleware.php(30): Laravel\\Lumen\\Routing\\Pipeline->Laravel\\Lumen\\Routing\\{closure}()
#37 D:\\my-code\\kehu-web\\shop_mall\\backend\\vendor\\illuminate\\pipeline\\Pipeline.php(167): App\\Http\\Middleware\\CorsMiddleware->handle()
#38 D:\\my-code\\kehu-web\\shop_mall\\backend\\vendor\\laravel\\lumen-framework\\src\\Routing\\Pipeline.php(30): Illuminate\\Pipeline\\Pipeline->Illuminate\\Pipeline\\{closure}()
#39 D:\\my-code\\kehu-web\\shop_mall\\backend\\vendor\\illuminate\\pipeline\\Pipeline.php(103): Laravel\\Lumen\\Routing\\Pipeline->Laravel\\Lumen\\Routing\\{closure}()
#40 D:\\my-code\\kehu-web\\shop_mall\\backend\\vendor\\laravel\\lumen-framework\\src\\Concerns\\RoutesRequests.php(426): Illuminate\\Pipeline\\Pipeline->then()
#41 D:\\my-code\\kehu-web\\shop_mall\\backend\\vendor\\laravel\\lumen-framework\\src\\Concerns\\RoutesRequests.php(165): Laravel\\Lumen\\Application->sendThroughPipeline()
#42 D:\\my-code\\kehu-web\\shop_mall\\backend\\vendor\\laravel\\lumen-framework\\src\\Concerns\\RoutesRequests.php(112): Laravel\\Lumen\\Application->dispatch()
#43 D:\\my-code\\kehu-web\\shop_mall\\backend\\public\\index.php(17): Laravel\\Lumen\\Application->run()
#44 {main}

[previous exception] [object] (PDOException(code: 0): PDO::__construct(): php_network_getaddresses: getaddrinfo for http failed: ï¿½ï¿½Öªï¿½ï¿½ï¿½ï¿½ï¿½ï¿½ï¿½ï¿½ï¿½ï¿½ï¿½ï¿½  at D:\\my-code\\kehu-web\\shop_mall\\backend\\vendor\\illuminate\\database\\Connectors\\Connector.php:70)
[stacktrace]
#0 D:\\my-code\\kehu-web\\shop_mall\\backend\\vendor\\illuminate\\database\\Connectors\\Connector.php(70): PDO->__construct()
#1 D:\\my-code\\kehu-web\\shop_mall\\backend\\vendor\\illuminate\\database\\Connectors\\Connector.php(45): Illuminate\\Database\\Connectors\\Connector->createPdoConnection()
#2 D:\\my-code\\kehu-web\\shop_mall\\backend\\vendor\\illuminate\\database\\Connectors\\MySqlConnector.php(24): Illuminate\\Database\\Connectors\\Connector->createConnection()
#3 D:\\my-code\\kehu-web\\shop_mall\\backend\\vendor\\illuminate\\database\\Connectors\\ConnectionFactory.php(184): Illuminate\\Database\\Connectors\\MySqlConnector->connect()
#4 [internal function]: Illuminate\\Database\\Connectors\\ConnectionFactory->Illuminate\\Database\\Connectors\\{closure}()
#5 D:\\my-code\\kehu-web\\shop_mall\\backend\\vendor\\illuminate\\database\\Connection.php(1064): call_user_func()
#6 D:\\my-code\\kehu-web\\shop_mall\\backend\\vendor\\illuminate\\database\\Connection.php(1100): Illuminate\\Database\\Connection->getPdo()
#7 D:\\my-code\\kehu-web\\shop_mall\\backend\\vendor\\illuminate\\database\\Connection.php(442): Illuminate\\Database\\Connection->getReadPdo()
#8 D:\\my-code\\kehu-web\\shop_mall\\backend\\vendor\\illuminate\\database\\Connection.php(368): Illuminate\\Database\\Connection->getPdoForSelect()
#9 D:\\my-code\\kehu-web\\shop_mall\\backend\\vendor\\illuminate\\database\\Connection.php(705): Illuminate\\Database\\Connection->Illuminate\\Database\\{closure}()
#10 D:\\my-code\\kehu-web\\shop_mall\\backend\\vendor\\illuminate\\database\\Connection.php(672): Illuminate\\Database\\Connection->runQueryCallback()
#11 D:\\my-code\\kehu-web\\shop_mall\\backend\\vendor\\illuminate\\database\\Connection.php(359): Illuminate\\Database\\Connection->run()
#12 D:\\my-code\\kehu-web\\shop_mall\\backend\\vendor\\illuminate\\database\\Query\\Builder.php(2413): Illuminate\\Database\\Connection->select()
#13 D:\\my-code\\kehu-web\\shop_mall\\backend\\vendor\\illuminate\\database\\Query\\Builder.php(2402): Illuminate\\Database\\Query\\Builder->runSelect()
#14 D:\\my-code\\kehu-web\\shop_mall\\backend\\vendor\\illuminate\\database\\Query\\Builder.php(2936): Illuminate\\Database\\Query\\Builder->Illuminate\\Database\\Query\\{closure}()
#15 D:\\my-code\\kehu-web\\shop_mall\\backend\\vendor\\illuminate\\database\\Query\\Builder.php(2401): Illuminate\\Database\\Query\\Builder->onceWithColumns()
#16 D:\\my-code\\kehu-web\\shop_mall\\backend\\vendor\\illuminate\\database\\Eloquent\\Builder.php(625): Illuminate\\Database\\Query\\Builder->get()
#17 D:\\my-code\\kehu-web\\shop_mall\\backend\\vendor\\illuminate\\database\\Eloquent\\Builder.php(609): Illuminate\\Database\\Eloquent\\Builder->getModels()
#18 D:\\my-code\\kehu-web\\shop_mall\\backend\\vendor\\illuminate\\database\\Concerns\\BuildsQueries.php(294): Illuminate\\Database\\Eloquent\\Builder->get()
#19 D:\\my-code\\kehu-web\\shop_mall\\backend\\vendor\\illuminate\\database\\Eloquent\\Builder.php(400): Illuminate\\Database\\Eloquent\\Builder->first()
#20 D:\\my-code\\kehu-web\\shop_mall\\backend\\vendor\\illuminate\\support\\Traits\\ForwardsCalls.php(23): Illuminate\\Database\\Eloquent\\Builder->find()
#21 D:\\my-code\\kehu-web\\shop_mall\\backend\\vendor\\illuminate\\database\\Eloquent\\Model.php(2132): Illuminate\\Database\\Eloquent\\Model->forwardCallTo()
#22 D:\\my-code\\kehu-web\\shop_mall\\backend\\vendor\\illuminate\\database\\Eloquent\\Model.php(2144): Illuminate\\Database\\Eloquent\\Model->__call()
#23 D:\\my-code\\kehu-web\\shop_mall\\backend\\app\\Http\\Controllers\\Api\\OffCodeController.php(155): Illuminate\\Database\\Eloquent\\Model::__callStatic()
#24 D:\\my-code\\kehu-web\\shop_mall\\backend\\vendor\\illuminate\\container\\BoundMethod.php(36): App\\Http\\Controllers\\Api\\OffCodeController->checkShowPopup()
#25 D:\\my-code\\kehu-web\\shop_mall\\backend\\vendor\\illuminate\\container\\Util.php(40): Illuminate\\Container\\BoundMethod::Illuminate\\Container\\{closure}()
#26 D:\\my-code\\kehu-web\\shop_mall\\backend\\vendor\\illuminate\\container\\BoundMethod.php(93): Illuminate\\Container\\Util::unwrapIfClosure()
#27 D:\\my-code\\kehu-web\\shop_mall\\backend\\vendor\\illuminate\\container\\BoundMethod.php(35): Illuminate\\Container\\BoundMethod::callBoundMethod()
#28 D:\\my-code\\kehu-web\\shop_mall\\backend\\vendor\\illuminate\\container\\Container.php(653): Illuminate\\Container\\BoundMethod::call()
#29 D:\\my-code\\kehu-web\\shop_mall\\backend\\vendor\\laravel\\lumen-framework\\src\\Concerns\\RoutesRequests.php(389): Illuminate\\Container\\Container->call()
#30 D:\\my-code\\kehu-web\\shop_mall\\backend\\vendor\\laravel\\lumen-framework\\src\\Concerns\\RoutesRequests.php(354): Laravel\\Lumen\\Application->callControllerCallable()
#31 D:\\my-code\\kehu-web\\shop_mall\\backend\\vendor\\laravel\\lumen-framework\\src\\Concerns\\RoutesRequests.php(329): Laravel\\Lumen\\Application->callLumenController()
#32 D:\\my-code\\kehu-web\\shop_mall\\backend\\vendor\\laravel\\lumen-framework\\src\\Concerns\\RoutesRequests.php(282): Laravel\\Lumen\\Application->callControllerAction()
#33 D:\\my-code\\kehu-web\\shop_mall\\backend\\vendor\\laravel\\lumen-framework\\src\\Concerns\\RoutesRequests.php(267): Laravel\\Lumen\\Application->callActionOnArrayBasedRoute()
#34 D:\\my-code\\kehu-web\\shop_mall\\backend\\vendor\\laravel\\lumen-framework\\src\\Concerns\\RoutesRequests.php(169): Laravel\\Lumen\\Application->handleFoundRoute()
#35 D:\\my-code\\kehu-web\\shop_mall\\backend\\vendor\\laravel\\lumen-framework\\src\\Routing\\Pipeline.php(48): Laravel\\Lumen\\Application->Laravel\\Lumen\\Concerns\\{closure}()
#36 D:\\my-code\\kehu-web\\shop_mall\\backend\\app\\Http\\Middleware\\CorsMiddleware.php(30): Laravel\\Lumen\\Routing\\Pipeline->Laravel\\Lumen\\Routing\\{closure}()
#37 D:\\my-code\\kehu-web\\shop_mall\\backend\\vendor\\illuminate\\pipeline\\Pipeline.php(167): App\\Http\\Middleware\\CorsMiddleware->handle()
#38 D:\\my-code\\kehu-web\\shop_mall\\backend\\vendor\\laravel\\lumen-framework\\src\\Routing\\Pipeline.php(30): Illuminate\\Pipeline\\Pipeline->Illuminate\\Pipeline\\{closure}()
#39 D:\\my-code\\kehu-web\\shop_mall\\backend\\vendor\\illuminate\\pipeline\\Pipeline.php(103): Laravel\\Lumen\\Routing\\Pipeline->Laravel\\Lumen\\Routing\\{closure}()
#40 D:\\my-code\\kehu-web\\shop_mall\\backend\\vendor\\laravel\\lumen-framework\\src\\Concerns\\RoutesRequests.php(426): Illuminate\\Pipeline\\Pipeline->then()
#41 D:\\my-code\\kehu-web\\shop_mall\\backend\\vendor\\laravel\\lumen-framework\\src\\Concerns\\RoutesRequests.php(165): Laravel\\Lumen\\Application->sendThroughPipeline()
#42 D:\\my-code\\kehu-web\\shop_mall\\backend\\vendor\\laravel\\lumen-framework\\src\\Concerns\\RoutesRequests.php(112): Laravel\\Lumen\\Application->dispatch()
#43 D:\\my-code\\kehu-web\\shop_mall\\backend\\public\\index.php(17): Laravel\\Lumen\\Application->run()
#44 {main}
"} 
[2026-01-15 16:51:54] production.ERROR: SQLSTATE[HY000] [2002] php_network_getaddresses: getaddrinfo for http failed: ²»ÖªµÀÕâÑùµÄÖ÷»ú¡£  (SQL: select * from `banners` where `status` = 1 order by `sort` desc) {"exception":"[object] (Illuminate\\Database\\QueryException(code: 2002): SQLSTATE[HY000] [2002] php_network_getaddresses: getaddrinfo for http failed: ï¿½ï¿½Öªï¿½ï¿½ï¿½ï¿½ï¿½ï¿½ï¿½ï¿½ï¿½ï¿½ï¿½ï¿½  (SQL: select * from `banners` where `status` = 1 order by `sort` desc) at D:\\my-code\\kehu-web\\shop_mall\\backend\\vendor\\illuminate\\database\\Connection.php:712)
[stacktrace]
#0 D:\\my-code\\kehu-web\\shop_mall\\backend\\vendor\\illuminate\\database\\Connection.php(672): Illuminate\\Database\\Connection->runQueryCallback()
#1 D:\\my-code\\kehu-web\\shop_mall\\backend\\vendor\\illuminate\\database\\Connection.php(359): Illuminate\\Database\\Connection->run()
#2 D:\\my-code\\kehu-web\\shop_mall\\backend\\vendor\\illuminate\\database\\Query\\Builder.php(2413): Illuminate\\Database\\Connection->select()
#3 D:\\my-code\\kehu-web\\shop_mall\\backend\\vendor\\illuminate\\database\\Query\\Builder.php(2402): Illuminate\\Database\\Query\\Builder->runSelect()
#4 D:\\my-code\\kehu-web\\shop_mall\\backend\\vendor\\illuminate\\database\\Query\\Builder.php(2936): Illuminate\\Database\\Query\\Builder->Illuminate\\Database\\Query\\{closure}()
#5 D:\\my-code\\kehu-web\\shop_mall\\backend\\vendor\\illuminate\\database\\Query\\Builder.php(2401): Illuminate\\Database\\Query\\Builder->onceWithColumns()
#6 D:\\my-code\\kehu-web\\shop_mall\\backend\\vendor\\illuminate\\database\\Eloquent\\Builder.php(625): Illuminate\\Database\\Query\\Builder->get()
#7 D:\\my-code\\kehu-web\\shop_mall\\backend\\vendor\\illuminate\\database\\Eloquent\\Builder.php(609): Illuminate\\Database\\Eloquent\\Builder->getModels()
#8 D:\\my-code\\kehu-web\\shop_mall\\backend\\app\\Http\\Controllers\\Api\\BannerController.php(19): Illuminate\\Database\\Eloquent\\Builder->get()
#9 D:\\my-code\\kehu-web\\shop_mall\\backend\\vendor\\illuminate\\container\\BoundMethod.php(36): App\\Http\\Controllers\\Api\\BannerController->index()
#10 D:\\my-code\\kehu-web\\shop_mall\\backend\\vendor\\illuminate\\container\\Util.php(40): Illuminate\\Container\\BoundMethod::Illuminate\\Container\\{closure}()
#11 D:\\my-code\\kehu-web\\shop_mall\\backend\\vendor\\illuminate\\container\\BoundMethod.php(93): Illuminate\\Container\\Util::unwrapIfClosure()
#12 D:\\my-code\\kehu-web\\shop_mall\\backend\\vendor\\illuminate\\container\\BoundMethod.php(35): Illuminate\\Container\\BoundMethod::callBoundMethod()
#13 D:\\my-code\\kehu-web\\shop_mall\\backend\\vendor\\illuminate\\container\\Container.php(653): Illuminate\\Container\\BoundMethod::call()
#14 D:\\my-code\\kehu-web\\shop_mall\\backend\\vendor\\laravel\\lumen-framework\\src\\Concerns\\RoutesRequests.php(389): Illuminate\\Container\\Container->call()
#15 D:\\my-code\\kehu-web\\shop_mall\\backend\\vendor\\laravel\\lumen-framework\\src\\Concerns\\RoutesRequests.php(354): Laravel\\Lumen\\Application->callControllerCallable()
#16 D:\\my-code\\kehu-web\\shop_mall\\backend\\vendor\\laravel\\lumen-framework\\src\\Concerns\\RoutesRequests.php(329): Laravel\\Lumen\\Application->callLumenController()
#17 D:\\my-code\\kehu-web\\shop_mall\\backend\\vendor\\laravel\\lumen-framework\\src\\Concerns\\RoutesRequests.php(282): Laravel\\Lumen\\Application->callControllerAction()
#18 D:\\my-code\\kehu-web\\shop_mall\\backend\\vendor\\laravel\\lumen-framework\\src\\Concerns\\RoutesRequests.php(267): Laravel\\Lumen\\Application->callActionOnArrayBasedRoute()
#19 D:\\my-code\\kehu-web\\shop_mall\\backend\\vendor\\laravel\\lumen-framework\\src\\Concerns\\RoutesRequests.php(169): Laravel\\Lumen\\Application->handleFoundRoute()
#20 D:\\my-code\\kehu-web\\shop_mall\\backend\\vendor\\laravel\\lumen-framework\\src\\Routing\\Pipeline.php(48): Laravel\\Lumen\\Application->Laravel\\Lumen\\Concerns\\{closure}()
#21 D:\\my-code\\kehu-web\\shop_mall\\backend\\app\\Http\\Middleware\\CorsMiddleware.php(30): Laravel\\Lumen\\Routing\\Pipeline->Laravel\\Lumen\\Routing\\{closure}()
#22 D:\\my-code\\kehu-web\\shop_mall\\backend\\vendor\\illuminate\\pipeline\\Pipeline.php(167): App\\Http\\Middleware\\CorsMiddleware->handle()
#23 D:\\my-code\\kehu-web\\shop_mall\\backend\\vendor\\laravel\\lumen-framework\\src\\Routing\\Pipeline.php(30): Illuminate\\Pipeline\\Pipeline->Illuminate\\Pipeline\\{closure}()
#24 D:\\my-code\\kehu-web\\shop_mall\\backend\\vendor\\illuminate\\pipeline\\Pipeline.php(103): Laravel\\Lumen\\Routing\\Pipeline->Laravel\\Lumen\\Routing\\{closure}()
#25 D:\\my-code\\kehu-web\\shop_mall\\backend\\vendor\\laravel\\lumen-framework\\src\\Concerns\\RoutesRequests.php(426): Illuminate\\Pipeline\\Pipeline->then()
#26 D:\\my-code\\kehu-web\\shop_mall\\backend\\vendor\\laravel\\lumen-framework\\src\\Concerns\\RoutesRequests.php(165): Laravel\\Lumen\\Application->sendThroughPipeline()
#27 D:\\my-code\\kehu-web\\shop_mall\\backend\\vendor\\laravel\\lumen-framework\\src\\Concerns\\RoutesRequests.php(112): Laravel\\Lumen\\Application->dispatch()
#28 D:\\my-code\\kehu-web\\shop_mall\\backend\\public\\index.php(17): Laravel\\Lumen\\Application->run()
#29 {main}

[previous exception] [object] (PDOException(code: 2002): SQLSTATE[HY000] [2002] php_network_getaddresses: getaddrinfo for http failed: ï¿½ï¿½Öªï¿½ï¿½ï¿½ï¿½ï¿½ï¿½ï¿½ï¿½ï¿½ï¿½ï¿½ï¿½  at D:\\my-code\\kehu-web\\shop_mall\\backend\\vendor\\illuminate\\database\\Connectors\\Connector.php:70)
[stacktrace]
#0 D:\\my-code\\kehu-web\\shop_mall\\backend\\vendor\\illuminate\\database\\Connectors\\Connector.php(70): PDO->__construct()
#1 D:\\my-code\\kehu-web\\shop_mall\\backend\\vendor\\illuminate\\database\\Connectors\\Connector.php(45): Illuminate\\Database\\Connectors\\Connector->createPdoConnection()
#2 D:\\my-code\\kehu-web\\shop_mall\\backend\\vendor\\illuminate\\database\\Connectors\\MySqlConnector.php(24): Illuminate\\Database\\Connectors\\Connector->createConnection()
#3 D:\\my-code\\kehu-web\\shop_mall\\backend\\vendor\\illuminate\\database\\Connectors\\ConnectionFactory.php(184): Illuminate\\Database\\Connectors\\MySqlConnector->connect()
#4 [internal function]: Illuminate\\Database\\Connectors\\ConnectionFactory->Illuminate\\Database\\Connectors\\{closure}()
#5 D:\\my-code\\kehu-web\\shop_mall\\backend\\vendor\\illuminate\\database\\Connection.php(1064): call_user_func()
#6 D:\\my-code\\kehu-web\\shop_mall\\backend\\vendor\\illuminate\\database\\Connection.php(1100): Illuminate\\Database\\Connection->getPdo()
#7 D:\\my-code\\kehu-web\\shop_mall\\backend\\vendor\\illuminate\\database\\Connection.php(442): Illuminate\\Database\\Connection->getReadPdo()
#8 D:\\my-code\\kehu-web\\shop_mall\\backend\\vendor\\illuminate\\database\\Connection.php(368): Illuminate\\Database\\Connection->getPdoForSelect()
#9 D:\\my-code\\kehu-web\\shop_mall\\backend\\vendor\\illuminate\\database\\Connection.php(705): Illuminate\\Database\\Connection->Illuminate\\Database\\{closure}()
#10 D:\\my-code\\kehu-web\\shop_mall\\backend\\vendor\\illuminate\\database\\Connection.php(672): Illuminate\\Database\\Connection->runQueryCallback()
#11 D:\\my-code\\kehu-web\\shop_mall\\backend\\vendor\\illuminate\\database\\Connection.php(359): Illuminate\\Database\\Connection->run()
#12 D:\\my-code\\kehu-web\\shop_mall\\backend\\vendor\\illuminate\\database\\Query\\Builder.php(2413): Illuminate\\Database\\Connection->select()
#13 D:\\my-code\\kehu-web\\shop_mall\\backend\\vendor\\illuminate\\database\\Query\\Builder.php(2402): Illuminate\\Database\\Query\\Builder->runSelect()
#14 D:\\my-code\\kehu-web\\shop_mall\\backend\\vendor\\illuminate\\database\\Query\\Builder.php(2936): Illuminate\\Database\\Query\\Builder->Illuminate\\Database\\Query\\{closure}()
#15 D:\\my-code\\kehu-web\\shop_mall\\backend\\vendor\\illuminate\\database\\Query\\Builder.php(2401): Illuminate\\Database\\Query\\Builder->onceWithColumns()
#16 D:\\my-code\\kehu-web\\shop_mall\\backend\\vendor\\illuminate\\database\\Eloquent\\Builder.php(625): Illuminate\\Database\\Query\\Builder->get()
#17 D:\\my-code\\kehu-web\\shop_mall\\backend\\vendor\\illuminate\\database\\Eloquent\\Builder.php(609): Illuminate\\Database\\Eloquent\\Builder->getModels()
#18 D:\\my-code\\kehu-web\\shop_mall\\backend\\app\\Http\\Controllers\\Api\\BannerController.php(19): Illuminate\\Database\\Eloquent\\Builder->get()
#19 D:\\my-code\\kehu-web\\shop_mall\\backend\\vendor\\illuminate\\container\\BoundMethod.php(36): App\\Http\\Controllers\\Api\\BannerController->index()
#20 D:\\my-code\\kehu-web\\shop_mall\\backend\\vendor\\illuminate\\container\\Util.php(40): Illuminate\\Container\\BoundMethod::Illuminate\\Container\\{closure}()
#21 D:\\my-code\\kehu-web\\shop_mall\\backend\\vendor\\illuminate\\container\\BoundMethod.php(93): Illuminate\\Container\\Util::unwrapIfClosure()
#22 D:\\my-code\\kehu-web\\shop_mall\\backend\\vendor\\illuminate\\container\\BoundMethod.php(35): Illuminate\\Container\\BoundMethod::callBoundMethod()
#23 D:\\my-code\\kehu-web\\shop_mall\\backend\\vendor\\illuminate\\container\\Container.php(653): Illuminate\\Container\\BoundMethod::call()
#24 D:\\my-code\\kehu-web\\shop_mall\\backend\\vendor\\laravel\\lumen-framework\\src\\Concerns\\RoutesRequests.php(389): Illuminate\\Container\\Container->call()
#25 D:\\my-code\\kehu-web\\shop_mall\\backend\\vendor\\laravel\\lumen-framework\\src\\Concerns\\RoutesRequests.php(354): Laravel\\Lumen\\Application->callControllerCallable()
#26 D:\\my-code\\kehu-web\\shop_mall\\backend\\vendor\\laravel\\lumen-framework\\src\\Concerns\\RoutesRequests.php(329): Laravel\\Lumen\\Application->callLumenController()
#27 D:\\my-code\\kehu-web\\shop_mall\\backend\\vendor\\laravel\\lumen-framework\\src\\Concerns\\RoutesRequests.php(282): Laravel\\Lumen\\Application->callControllerAction()
#28 D:\\my-code\\kehu-web\\shop_mall\\backend\\vendor\\laravel\\lumen-framework\\src\\Concerns\\RoutesRequests.php(267): Laravel\\Lumen\\Application->callActionOnArrayBasedRoute()
#29 D:\\my-code\\kehu-web\\shop_mall\\backend\\vendor\\laravel\\lumen-framework\\src\\Concerns\\RoutesRequests.php(169): Laravel\\Lumen\\Application->handleFoundRoute()
#30 D:\\my-code\\kehu-web\\shop_mall\\backend\\vendor\\laravel\\lumen-framework\\src\\Routing\\Pipeline.php(48): Laravel\\Lumen\\Application->Laravel\\Lumen\\Concerns\\{closure}()
#31 D:\\my-code\\kehu-web\\shop_mall\\backend\\app\\Http\\Middleware\\CorsMiddleware.php(30): Laravel\\Lumen\\Routing\\Pipeline->Laravel\\Lumen\\Routing\\{closure}()
#32 D:\\my-code\\kehu-web\\shop_mall\\backend\\vendor\\illuminate\\pipeline\\Pipeline.php(167): App\\Http\\Middleware\\CorsMiddleware->handle()
#33 D:\\my-code\\kehu-web\\shop_mall\\backend\\vendor\\laravel\\lumen-framework\\src\\Routing\\Pipeline.php(30): Illuminate\\Pipeline\\Pipeline->Illuminate\\Pipeline\\{closure}()
#34 D:\\my-code\\kehu-web\\shop_mall\\backend\\vendor\\illuminate\\pipeline\\Pipeline.php(103): Laravel\\Lumen\\Routing\\Pipeline->Laravel\\Lumen\\Routing\\{closure}()
#35 D:\\my-code\\kehu-web\\shop_mall\\backend\\vendor\\laravel\\lumen-framework\\src\\Concerns\\RoutesRequests.php(426): Illuminate\\Pipeline\\Pipeline->then()
#36 D:\\my-code\\kehu-web\\shop_mall\\backend\\vendor\\laravel\\lumen-framework\\src\\Concerns\\RoutesRequests.php(165): Laravel\\Lumen\\Application->sendThroughPipeline()
#37 D:\\my-code\\kehu-web\\shop_mall\\backend\\vendor\\laravel\\lumen-framework\\src\\Concerns\\RoutesRequests.php(112): Laravel\\Lumen\\Application->dispatch()
#38 D:\\my-code\\kehu-web\\shop_mall\\backend\\public\\index.php(17): Laravel\\Lumen\\Application->run()
#39 {main}

[previous exception] [object] (PDOException(code: 0): PDO::__construct(): php_network_getaddresses: getaddrinfo for http failed: ï¿½ï¿½Öªï¿½ï¿½ï¿½ï¿½ï¿½ï¿½ï¿½ï¿½ï¿½ï¿½ï¿½ï¿½  at D:\\my-code\\kehu-web\\shop_mall\\backend\\vendor\\illuminate\\database\\Connectors\\Connector.php:70)
[stacktrace]
#0 D:\\my-code\\kehu-web\\shop_mall\\backend\\vendor\\illuminate\\database\\Connectors\\Connector.php(70): PDO->__construct()
#1 D:\\my-code\\kehu-web\\shop_mall\\backend\\vendor\\illuminate\\database\\Connectors\\Connector.php(45): Illuminate\\Database\\Connectors\\Connector->createPdoConnection()
#2 D:\\my-code\\kehu-web\\shop_mall\\backend\\vendor\\illuminate\\database\\Connectors\\MySqlConnector.php(24): Illuminate\\Database\\Connectors\\Connector->createConnection()
#3 D:\\my-code\\kehu-web\\shop_mall\\backend\\vendor\\illuminate\\database\\Connectors\\ConnectionFactory.php(184): Illuminate\\Database\\Connectors\\MySqlConnector->connect()
#4 [internal function]: Illuminate\\Database\\Connectors\\ConnectionFactory->Illuminate\\Database\\Connectors\\{closure}()
#5 D:\\my-code\\kehu-web\\shop_mall\\backend\\vendor\\illuminate\\database\\Connection.php(1064): call_user_func()
#6 D:\\my-code\\kehu-web\\shop_mall\\backend\\vendor\\illuminate\\database\\Connection.php(1100): Illuminate\\Database\\Connection->getPdo()
#7 D:\\my-code\\kehu-web\\shop_mall\\backend\\vendor\\illuminate\\database\\Connection.php(442): Illuminate\\Database\\Connection->getReadPdo()
#8 D:\\my-code\\kehu-web\\shop_mall\\backend\\vendor\\illuminate\\database\\Connection.php(368): Illuminate\\Database\\Connection->getPdoForSelect()
#9 D:\\my-code\\kehu-web\\shop_mall\\backend\\vendor\\illuminate\\database\\Connection.php(705): Illuminate\\Database\\Connection->Illuminate\\Database\\{closure}()
#10 D:\\my-code\\kehu-web\\shop_mall\\backend\\vendor\\illuminate\\database\\Connection.php(672): Illuminate\\Database\\Connection->runQueryCallback()
#11 D:\\my-code\\kehu-web\\shop_mall\\backend\\vendor\\illuminate\\database\\Connection.php(359): Illuminate\\Database\\Connection->run()
#12 D:\\my-code\\kehu-web\\shop_mall\\backend\\vendor\\illuminate\\database\\Query\\Builder.php(2413): Illuminate\\Database\\Connection->select()
#13 D:\\my-code\\kehu-web\\shop_mall\\backend\\vendor\\illuminate\\database\\Query\\Builder.php(2402): Illuminate\\Database\\Query\\Builder->runSelect()
#14 D:\\my-code\\kehu-web\\shop_mall\\backend\\vendor\\illuminate\\database\\Query\\Builder.php(2936): Illuminate\\Database\\Query\\Builder->Illuminate\\Database\\Query\\{closure}()
#15 D:\\my-code\\kehu-web\\shop_mall\\backend\\vendor\\illuminate\\database\\Query\\Builder.php(2401): Illuminate\\Database\\Query\\Builder->onceWithColumns()
#16 D:\\my-code\\kehu-web\\shop_mall\\backend\\vendor\\illuminate\\database\\Eloquent\\Builder.php(625): Illuminate\\Database\\Query\\Builder->get()
#17 D:\\my-code\\kehu-web\\shop_mall\\backend\\vendor\\illuminate\\database\\Eloquent\\Builder.php(609): Illuminate\\Database\\Eloquent\\Builder->getModels()
#18 D:\\my-code\\kehu-web\\shop_mall\\backend\\app\\Http\\Controllers\\Api\\BannerController.php(19): Illuminate\\Database\\Eloquent\\Builder->get()
#19 D:\\my-code\\kehu-web\\shop_mall\\backend\\vendor\\illuminate\\container\\BoundMethod.php(36): App\\Http\\Controllers\\Api\\BannerController->index()
#20 D:\\my-code\\kehu-web\\shop_mall\\backend\\vendor\\illuminate\\container\\Util.php(40): Illuminate\\Container\\BoundMethod::Illuminate\\Container\\{closure}()
#21 D:\\my-code\\kehu-web\\shop_mall\\backend\\vendor\\illuminate\\container\\BoundMethod.php(93): Illuminate\\Container\\Util::unwrapIfClosure()
#22 D:\\my-code\\kehu-web\\shop_mall\\backend\\vendor\\illuminate\\container\\BoundMethod.php(35): Illuminate\\Container\\BoundMethod::callBoundMethod()
#23 D:\\my-code\\kehu-web\\shop_mall\\backend\\vendor\\illuminate\\container\\Container.php(653): Illuminate\\Container\\BoundMethod::call()
#24 D:\\my-code\\kehu-web\\shop_mall\\backend\\vendor\\laravel\\lumen-framework\\src\\Concerns\\RoutesRequests.php(389): Illuminate\\Container\\Container->call()
#25 D:\\my-code\\kehu-web\\shop_mall\\backend\\vendor\\laravel\\lumen-framework\\src\\Concerns\\RoutesRequests.php(354): Laravel\\Lumen\\Application->callControllerCallable()
#26 D:\\my-code\\kehu-web\\shop_mall\\backend\\vendor\\laravel\\lumen-framework\\src\\Concerns\\RoutesRequests.php(329): Laravel\\Lumen\\Application->callLumenController()
#27 D:\\my-code\\kehu-web\\shop_mall\\backend\\vendor\\laravel\\lumen-framework\\src\\Concerns\\RoutesRequests.php(282): Laravel\\Lumen\\Application->callControllerAction()
#28 D:\\my-code\\kehu-web\\shop_mall\\backend\\vendor\\laravel\\lumen-framework\\src\\Concerns\\RoutesRequests.php(267): Laravel\\Lumen\\Application->callActionOnArrayBasedRoute()
#29 D:\\my-code\\kehu-web\\shop_mall\\backend\\vendor\\laravel\\lumen-framework\\src\\Concerns\\RoutesRequests.php(169): Laravel\\Lumen\\Application->handleFoundRoute()
#30 D:\\my-code\\kehu-web\\shop_mall\\backend\\vendor\\laravel\\lumen-framework\\src\\Routing\\Pipeline.php(48): Laravel\\Lumen\\Application->Laravel\\Lumen\\Concerns\\{closure}()
#31 D:\\my-code\\kehu-web\\shop_mall\\backend\\app\\Http\\Middleware\\CorsMiddleware.php(30): Laravel\\Lumen\\Routing\\Pipeline->Laravel\\Lumen\\Routing\\{closure}()
#32 D:\\my-code\\kehu-web\\shop_mall\\backend\\vendor\\illuminate\\pipeline\\Pipeline.php(167): App\\Http\\Middleware\\CorsMiddleware->handle()
#33 D:\\my-code\\kehu-web\\shop_mall\\backend\\vendor\\laravel\\lumen-framework\\src\\Routing\\Pipeline.php(30): Illuminate\\Pipeline\\Pipeline->Illuminate\\Pipeline\\{closure}()
#34 D:\\my-code\\kehu-web\\shop_mall\\backend\\vendor\\illuminate\\pipeline\\Pipeline.php(103): Laravel\\Lumen\\Routing\\Pipeline->Laravel\\Lumen\\Routing\\{closure}()
#35 D:\\my-code\\kehu-web\\shop_mall\\backend\\vendor\\laravel\\lumen-framework\\src\\Concerns\\RoutesRequests.php(426): Illuminate\\Pipeline\\Pipeline->then()
#36 D:\\my-code\\kehu-web\\shop_mall\\backend\\vendor\\laravel\\lumen-framework\\src\\Concerns\\RoutesRequests.php(165): Laravel\\Lumen\\Application->sendThroughPipeline()
#37 D:\\my-code\\kehu-web\\shop_mall\\backend\\vendor\\laravel\\lumen-framework\\src\\Concerns\\RoutesRequests.php(112): Laravel\\Lumen\\Application->dispatch()
#38 D:\\my-code\\kehu-web\\shop_mall\\backend\\public\\index.php(17): Laravel\\Lumen\\Application->run()
#39 {main}
"} 
[2026-01-15 16:51:56] production.ERROR: SQLSTATE[HY000] [2002] php_network_getaddresses: getaddrinfo for http failed: ²»ÖªµÀÕâÑùµÄÖ÷»ú¡£  (SQL: select count(*) as aggregate from `products` where `status` = 1 and `is_featured` = 1) {"exception":"[object] (Illuminate\\Database\\QueryException(code: 2002): SQLSTATE[HY000] [2002] php_network_getaddresses: getaddrinfo for http failed: ï¿½ï¿½Öªï¿½ï¿½ï¿½ï¿½ï¿½ï¿½ï¿½ï¿½ï¿½ï¿½ï¿½ï¿½  (SQL: select count(*) as aggregate from `products` where `status` = 1 and `is_featured` = 1) at D:\\my-code\\kehu-web\\shop_mall\\backend\\vendor\\illuminate\\database\\Connection.php:712)
[stacktrace]
#0 D:\\my-code\\kehu-web\\shop_mall\\backend\\vendor\\illuminate\\database\\Connection.php(672): Illuminate\\Database\\Connection->runQueryCallback()
#1 D:\\my-code\\kehu-web\\shop_mall\\backend\\vendor\\illuminate\\database\\Connection.php(359): Illuminate\\Database\\Connection->run()
#2 D:\\my-code\\kehu-web\\shop_mall\\backend\\vendor\\illuminate\\database\\Query\\Builder.php(2413): Illuminate\\Database\\Connection->select()
#3 D:\\my-code\\kehu-web\\shop_mall\\backend\\vendor\\illuminate\\database\\Query\\Builder.php(2402): Illuminate\\Database\\Query\\Builder->runSelect()
#4 D:\\my-code\\kehu-web\\shop_mall\\backend\\vendor\\illuminate\\database\\Query\\Builder.php(2936): Illuminate\\Database\\Query\\Builder->Illuminate\\Database\\Query\\{closure}()
#5 D:\\my-code\\kehu-web\\shop_mall\\backend\\vendor\\illuminate\\database\\Query\\Builder.php(2401): Illuminate\\Database\\Query\\Builder->onceWithColumns()
#6 D:\\my-code\\kehu-web\\shop_mall\\backend\\vendor\\illuminate\\database\\Query\\Builder.php(2550): Illuminate\\Database\\Query\\Builder->get()
#7 D:\\my-code\\kehu-web\\shop_mall\\backend\\vendor\\illuminate\\database\\Query\\Builder.php(2509): Illuminate\\Database\\Query\\Builder->runPaginationCountQuery()
#8 D:\\my-code\\kehu-web\\shop_mall\\backend\\vendor\\illuminate\\database\\Eloquent\\Builder.php(808): Illuminate\\Database\\Query\\Builder->getCountForPagination()
#9 D:\\my-code\\kehu-web\\shop_mall\\backend\\app\\Http\\Controllers\\Api\\ProductController.php(46): Illuminate\\Database\\Eloquent\\Builder->paginate()
#10 D:\\my-code\\kehu-web\\shop_mall\\backend\\vendor\\illuminate\\container\\BoundMethod.php(36): App\\Http\\Controllers\\Api\\ProductController->index()
#11 D:\\my-code\\kehu-web\\shop_mall\\backend\\vendor\\illuminate\\container\\Util.php(40): Illuminate\\Container\\BoundMethod::Illuminate\\Container\\{closure}()
#12 D:\\my-code\\kehu-web\\shop_mall\\backend\\vendor\\illuminate\\container\\BoundMethod.php(93): Illuminate\\Container\\Util::unwrapIfClosure()
#13 D:\\my-code\\kehu-web\\shop_mall\\backend\\vendor\\illuminate\\container\\BoundMethod.php(35): Illuminate\\Container\\BoundMethod::callBoundMethod()
#14 D:\\my-code\\kehu-web\\shop_mall\\backend\\vendor\\illuminate\\container\\Container.php(653): Illuminate\\Container\\BoundMethod::call()
#15 D:\\my-code\\kehu-web\\shop_mall\\backend\\vendor\\laravel\\lumen-framework\\src\\Concerns\\RoutesRequests.php(389): Illuminate\\Container\\Container->call()
#16 D:\\my-code\\kehu-web\\shop_mall\\backend\\vendor\\laravel\\lumen-framework\\src\\Concerns\\RoutesRequests.php(354): Laravel\\Lumen\\Application->callControllerCallable()
#17 D:\\my-code\\kehu-web\\shop_mall\\backend\\vendor\\laravel\\lumen-framework\\src\\Concerns\\RoutesRequests.php(329): Laravel\\Lumen\\Application->callLumenController()
#18 D:\\my-code\\kehu-web\\shop_mall\\backend\\vendor\\laravel\\lumen-framework\\src\\Concerns\\RoutesRequests.php(282): Laravel\\Lumen\\Application->callControllerAction()
#19 D:\\my-code\\kehu-web\\shop_mall\\backend\\vendor\\laravel\\lumen-framework\\src\\Concerns\\RoutesRequests.php(267): Laravel\\Lumen\\Application->callActionOnArrayBasedRoute()
#20 D:\\my-code\\kehu-web\\shop_mall\\backend\\vendor\\laravel\\lumen-framework\\src\\Concerns\\RoutesRequests.php(169): Laravel\\Lumen\\Application->handleFoundRoute()
#21 D:\\my-code\\kehu-web\\shop_mall\\backend\\vendor\\laravel\\lumen-framework\\src\\Routing\\Pipeline.php(48): Laravel\\Lumen\\Application->Laravel\\Lumen\\Concerns\\{closure}()
#22 D:\\my-code\\kehu-web\\shop_mall\\backend\\app\\Http\\Middleware\\CorsMiddleware.php(30): Laravel\\Lumen\\Routing\\Pipeline->Laravel\\Lumen\\Routing\\{closure}()
#23 D:\\my-code\\kehu-web\\shop_mall\\backend\\vendor\\illuminate\\pipeline\\Pipeline.php(167): App\\Http\\Middleware\\CorsMiddleware->handle()
#24 D:\\my-code\\kehu-web\\shop_mall\\backend\\vendor\\laravel\\lumen-framework\\src\\Routing\\Pipeline.php(30): Illuminate\\Pipeline\\Pipeline->Illuminate\\Pipeline\\{closure}()
#25 D:\\my-code\\kehu-web\\shop_mall\\backend\\vendor\\illuminate\\pipeline\\Pipeline.php(103): Laravel\\Lumen\\Routing\\Pipeline->Laravel\\Lumen\\Routing\\{closure}()
#26 D:\\my-code\\kehu-web\\shop_mall\\backend\\vendor\\laravel\\lumen-framework\\src\\Concerns\\RoutesRequests.php(426): Illuminate\\Pipeline\\Pipeline->then()
#27 D:\\my-code\\kehu-web\\shop_mall\\backend\\vendor\\laravel\\lumen-framework\\src\\Concerns\\RoutesRequests.php(165): Laravel\\Lumen\\Application->sendThroughPipeline()
#28 D:\\my-code\\kehu-web\\shop_mall\\backend\\vendor\\laravel\\lumen-framework\\src\\Concerns\\RoutesRequests.php(112): Laravel\\Lumen\\Application->dispatch()
#29 D:\\my-code\\kehu-web\\shop_mall\\backend\\public\\index.php(17): Laravel\\Lumen\\Application->run()
#30 {main}

[previous exception] [object] (PDOException(code: 2002): SQLSTATE[HY000] [2002] php_network_getaddresses: getaddrinfo for http failed: ï¿½ï¿½Öªï¿½ï¿½ï¿½ï¿½ï¿½ï¿½ï¿½ï¿½ï¿½ï¿½ï¿½ï¿½  at D:\\my-code\\kehu-web\\shop_mall\\backend\\vendor\\illuminate\\database\\Connectors\\Connector.php:70)
[stacktrace]
#0 D:\\my-code\\kehu-web\\shop_mall\\backend\\vendor\\illuminate\\database\\Connectors\\Connector.php(70): PDO->__construct()
#1 D:\\my-code\\kehu-web\\shop_mall\\backend\\vendor\\illuminate\\database\\Connectors\\Connector.php(45): Illuminate\\Database\\Connectors\\Connector->createPdoConnection()
#2 D:\\my-code\\kehu-web\\shop_mall\\backend\\vendor\\illuminate\\database\\Connectors\\MySqlConnector.php(24): Illuminate\\Database\\Connectors\\Connector->createConnection()
#3 D:\\my-code\\kehu-web\\shop_mall\\backend\\vendor\\illuminate\\database\\Connectors\\ConnectionFactory.php(184): Illuminate\\Database\\Connectors\\MySqlConnector->connect()
#4 [internal function]: Illuminate\\Database\\Connectors\\ConnectionFactory->Illuminate\\Database\\Connectors\\{closure}()
#5 D:\\my-code\\kehu-web\\shop_mall\\backend\\vendor\\illuminate\\database\\Connection.php(1064): call_user_func()
#6 D:\\my-code\\kehu-web\\shop_mall\\backend\\vendor\\illuminate\\database\\Connection.php(1100): Illuminate\\Database\\Connection->getPdo()
#7 D:\\my-code\\kehu-web\\shop_mall\\backend\\vendor\\illuminate\\database\\Connection.php(442): Illuminate\\Database\\Connection->getReadPdo()
#8 D:\\my-code\\kehu-web\\shop_mall\\backend\\vendor\\illuminate\\database\\Connection.php(368): Illuminate\\Database\\Connection->getPdoForSelect()
#9 D:\\my-code\\kehu-web\\shop_mall\\backend\\vendor\\illuminate\\database\\Connection.php(705): Illuminate\\Database\\Connection->Illuminate\\Database\\{closure}()
#10 D:\\my-code\\kehu-web\\shop_mall\\backend\\vendor\\illuminate\\database\\Connection.php(672): Illuminate\\Database\\Connection->runQueryCallback()
#11 D:\\my-code\\kehu-web\\shop_mall\\backend\\vendor\\illuminate\\database\\Connection.php(359): Illuminate\\Database\\Connection->run()
#12 D:\\my-code\\kehu-web\\shop_mall\\backend\\vendor\\illuminate\\database\\Query\\Builder.php(2413): Illuminate\\Database\\Connection->select()
#13 D:\\my-code\\kehu-web\\shop_mall\\backend\\vendor\\illuminate\\database\\Query\\Builder.php(2402): Illuminate\\Database\\Query\\Builder->runSelect()
#14 D:\\my-code\\kehu-web\\shop_mall\\backend\\vendor\\illuminate\\database\\Query\\Builder.php(2936): Illuminate\\Database\\Query\\Builder->Illuminate\\Database\\Query\\{closure}()
#15 D:\\my-code\\kehu-web\\shop_mall\\backend\\vendor\\illuminate\\database\\Query\\Builder.php(2401): Illuminate\\Database\\Query\\Builder->onceWithColumns()
#16 D:\\my-code\\kehu-web\\shop_mall\\backend\\vendor\\illuminate\\database\\Query\\Builder.php(2550): Illuminate\\Database\\Query\\Builder->get()
#17 D:\\my-code\\kehu-web\\shop_mall\\backend\\vendor\\illuminate\\database\\Query\\Builder.php(2509): Illuminate\\Database\\Query\\Builder->runPaginationCountQuery()
#18 D:\\my-code\\kehu-web\\shop_mall\\backend\\vendor\\illuminate\\database\\Eloquent\\Builder.php(808): Illuminate\\Database\\Query\\Builder->getCountForPagination()
#19 D:\\my-code\\kehu-web\\shop_mall\\backend\\app\\Http\\Controllers\\Api\\ProductController.php(46): Illuminate\\Database\\Eloquent\\Builder->paginate()
#20 D:\\my-code\\kehu-web\\shop_mall\\backend\\vendor\\illuminate\\container\\BoundMethod.php(36): App\\Http\\Controllers\\Api\\ProductController->index()
#21 D:\\my-code\\kehu-web\\shop_mall\\backend\\vendor\\illuminate\\container\\Util.php(40): Illuminate\\Container\\BoundMethod::Illuminate\\Container\\{closure}()
#22 D:\\my-code\\kehu-web\\shop_mall\\backend\\vendor\\illuminate\\container\\BoundMethod.php(93): Illuminate\\Container\\Util::unwrapIfClosure()
#23 D:\\my-code\\kehu-web\\shop_mall\\backend\\vendor\\illuminate\\container\\BoundMethod.php(35): Illuminate\\Container\\BoundMethod::callBoundMethod()
#24 D:\\my-code\\kehu-web\\shop_mall\\backend\\vendor\\illuminate\\container\\Container.php(653): Illuminate\\Container\\BoundMethod::call()
#25 D:\\my-code\\kehu-web\\shop_mall\\backend\\vendor\\laravel\\lumen-framework\\src\\Concerns\\RoutesRequests.php(389): Illuminate\\Container\\Container->call()
#26 D:\\my-code\\kehu-web\\shop_mall\\backend\\vendor\\laravel\\lumen-framework\\src\\Concerns\\RoutesRequests.php(354): Laravel\\Lumen\\Application->callControllerCallable()
#27 D:\\my-code\\kehu-web\\shop_mall\\backend\\vendor\\laravel\\lumen-framework\\src\\Concerns\\RoutesRequests.php(329): Laravel\\Lumen\\Application->callLumenController()
#28 D:\\my-code\\kehu-web\\shop_mall\\backend\\vendor\\laravel\\lumen-framework\\src\\Concerns\\RoutesRequests.php(282): Laravel\\Lumen\\Application->callControllerAction()
#29 D:\\my-code\\kehu-web\\shop_mall\\backend\\vendor\\laravel\\lumen-framework\\src\\Concerns\\RoutesRequests.php(267): Laravel\\Lumen\\Application->callActionOnArrayBasedRoute()
#30 D:\\my-code\\kehu-web\\shop_mall\\backend\\vendor\\laravel\\lumen-framework\\src\\Concerns\\RoutesRequests.php(169): Laravel\\Lumen\\Application->handleFoundRoute()
#31 D:\\my-code\\kehu-web\\shop_mall\\backend\\vendor\\laravel\\lumen-framework\\src\\Routing\\Pipeline.php(48): Laravel\\Lumen\\Application->Laravel\\Lumen\\Concerns\\{closure}()
#32 D:\\my-code\\kehu-web\\shop_mall\\backend\\app\\Http\\Middleware\\CorsMiddleware.php(30): Laravel\\Lumen\\Routing\\Pipeline->Laravel\\Lumen\\Routing\\{closure}()
#33 D:\\my-code\\kehu-web\\shop_mall\\backend\\vendor\\illuminate\\pipeline\\Pipeline.php(167): App\\Http\\Middleware\\CorsMiddleware->handle()
#34 D:\\my-code\\kehu-web\\shop_mall\\backend\\vendor\\laravel\\lumen-framework\\src\\Routing\\Pipeline.php(30): Illuminate\\Pipeline\\Pipeline->Illuminate\\Pipeline\\{closure}()
#35 D:\\my-code\\kehu-web\\shop_mall\\backend\\vendor\\illuminate\\pipeline\\Pipeline.php(103): Laravel\\Lumen\\Routing\\Pipeline->Laravel\\Lumen\\Routing\\{closure}()
#36 D:\\my-code\\kehu-web\\shop_mall\\backend\\vendor\\laravel\\lumen-framework\\src\\Concerns\\RoutesRequests.php(426): Illuminate\\Pipeline\\Pipeline->then()
#37 D:\\my-code\\kehu-web\\shop_mall\\backend\\vendor\\laravel\\lumen-framework\\src\\Concerns\\RoutesRequests.php(165): Laravel\\Lumen\\Application->sendThroughPipeline()
#38 D:\\my-code\\kehu-web\\shop_mall\\backend\\vendor\\laravel\\lumen-framework\\src\\Concerns\\RoutesRequests.php(112): Laravel\\Lumen\\Application->dispatch()
#39 D:\\my-code\\kehu-web\\shop_mall\\backend\\public\\index.php(17): Laravel\\Lumen\\Application->run()
#40 {main}

[previous exception] [object] (PDOException(code: 0): PDO::__construct(): php_network_getaddresses: getaddrinfo for http failed: ï¿½ï¿½Öªï¿½ï¿½ï¿½ï¿½ï¿½ï¿½ï¿½ï¿½ï¿½ï¿½ï¿½ï¿½  at D:\\my-code\\kehu-web\\shop_mall\\backend\\vendor\\illuminate\\database\\Connectors\\Connector.php:70)
[stacktrace]
#0 D:\\my-code\\kehu-web\\shop_mall\\backend\\vendor\\illuminate\\database\\Connectors\\Connector.php(70): PDO->__construct()
#1 D:\\my-code\\kehu-web\\shop_mall\\backend\\vendor\\illuminate\\database\\Connectors\\Connector.php(45): Illuminate\\Database\\Connectors\\Connector->createPdoConnection()
#2 D:\\my-code\\kehu-web\\shop_mall\\backend\\vendor\\illuminate\\database\\Connectors\\MySqlConnector.php(24): Illuminate\\Database\\Connectors\\Connector->createConnection()
#3 D:\\my-code\\kehu-web\\shop_mall\\backend\\vendor\\illuminate\\database\\Connectors\\ConnectionFactory.php(184): Illuminate\\Database\\Connectors\\MySqlConnector->connect()
#4 [internal function]: Illuminate\\Database\\Connectors\\ConnectionFactory->Illuminate\\Database\\Connectors\\{closure}()
#5 D:\\my-code\\kehu-web\\shop_mall\\backend\\vendor\\illuminate\\database\\Connection.php(1064): call_user_func()
#6 D:\\my-code\\kehu-web\\shop_mall\\backend\\vendor\\illuminate\\database\\Connection.php(1100): Illuminate\\Database\\Connection->getPdo()
#7 D:\\my-code\\kehu-web\\shop_mall\\backend\\vendor\\illuminate\\database\\Connection.php(442): Illuminate\\Database\\Connection->getReadPdo()
#8 D:\\my-code\\kehu-web\\shop_mall\\backend\\vendor\\illuminate\\database\\Connection.php(368): Illuminate\\Database\\Connection->getPdoForSelect()
#9 D:\\my-code\\kehu-web\\shop_mall\\backend\\vendor\\illuminate\\database\\Connection.php(705): Illuminate\\Database\\Connection->Illuminate\\Database\\{closure}()
#10 D:\\my-code\\kehu-web\\shop_mall\\backend\\vendor\\illuminate\\database\\Connection.php(672): Illuminate\\Database\\Connection->runQueryCallback()
#11 D:\\my-code\\kehu-web\\shop_mall\\backend\\vendor\\illuminate\\database\\Connection.php(359): Illuminate\\Database\\Connection->run()
#12 D:\\my-code\\kehu-web\\shop_mall\\backend\\vendor\\illuminate\\database\\Query\\Builder.php(2413): Illuminate\\Database\\Connection->select()
#13 D:\\my-code\\kehu-web\\shop_mall\\backend\\vendor\\illuminate\\database\\Query\\Builder.php(2402): Illuminate\\Database\\Query\\Builder->runSelect()
#14 D:\\my-code\\kehu-web\\shop_mall\\backend\\vendor\\illuminate\\database\\Query\\Builder.php(2936): Illuminate\\Database\\Query\\Builder->Illuminate\\Database\\Query\\{closure}()
#15 D:\\my-code\\kehu-web\\shop_mall\\backend\\vendor\\illuminate\\database\\Query\\Builder.php(2401): Illuminate\\Database\\Query\\Builder->onceWithColumns()
#16 D:\\my-code\\kehu-web\\shop_mall\\backend\\vendor\\illuminate\\database\\Query\\Builder.php(2550): Illuminate\\Database\\Query\\Builder->get()
#17 D:\\my-code\\kehu-web\\shop_mall\\backend\\vendor\\illuminate\\database\\Query\\Builder.php(2509): Illuminate\\Database\\Query\\Builder->runPaginationCountQuery()
#18 D:\\my-code\\kehu-web\\shop_mall\\backend\\vendor\\illuminate\\database\\Eloquent\\Builder.php(808): Illuminate\\Database\\Query\\Builder->getCountForPagination()
#19 D:\\my-code\\kehu-web\\shop_mall\\backend\\app\\Http\\Controllers\\Api\\ProductController.php(46): Illuminate\\Database\\Eloquent\\Builder->paginate()
#20 D:\\my-code\\kehu-web\\shop_mall\\backend\\vendor\\illuminate\\container\\BoundMethod.php(36): App\\Http\\Controllers\\Api\\ProductController->index()
#21 D:\\my-code\\kehu-web\\shop_mall\\backend\\vendor\\illuminate\\container\\Util.php(40): Illuminate\\Container\\BoundMethod::Illuminate\\Container\\{closure}()
#22 D:\\my-code\\kehu-web\\shop_mall\\backend\\vendor\\illuminate\\container\\BoundMethod.php(93): Illuminate\\Container\\Util::unwrapIfClosure()
#23 D:\\my-code\\kehu-web\\shop_mall\\backend\\vendor\\illuminate\\container\\BoundMethod.php(35): Illuminate\\Container\\BoundMethod::callBoundMethod()
#24 D:\\my-code\\kehu-web\\shop_mall\\backend\\vendor\\illuminate\\container\\Container.php(653): Illuminate\\Container\\BoundMethod::call()
#25 D:\\my-code\\kehu-web\\shop_mall\\backend\\vendor\\laravel\\lumen-framework\\src\\Concerns\\RoutesRequests.php(389): Illuminate\\Container\\Container->call()
#26 D:\\my-code\\kehu-web\\shop_mall\\backend\\vendor\\laravel\\lumen-framework\\src\\Concerns\\RoutesRequests.php(354): Laravel\\Lumen\\Application->callControllerCallable()
#27 D:\\my-code\\kehu-web\\shop_mall\\backend\\vendor\\laravel\\lumen-framework\\src\\Concerns\\RoutesRequests.php(329): Laravel\\Lumen\\Application->callLumenController()
#28 D:\\my-code\\kehu-web\\shop_mall\\backend\\vendor\\laravel\\lumen-framework\\src\\Concerns\\RoutesRequests.php(282): Laravel\\Lumen\\Application->callControllerAction()
#29 D:\\my-code\\kehu-web\\shop_mall\\backend\\vendor\\laravel\\lumen-framework\\src\\Concerns\\RoutesRequests.php(267): Laravel\\Lumen\\Application->callActionOnArrayBasedRoute()
#30 D:\\my-code\\kehu-web\\shop_mall\\backend\\vendor\\laravel\\lumen-framework\\src\\Concerns\\RoutesRequests.php(169): Laravel\\Lumen\\Application->handleFoundRoute()
#31 D:\\my-code\\kehu-web\\shop_mall\\backend\\vendor\\laravel\\lumen-framework\\src\\Routing\\Pipeline.php(48): Laravel\\Lumen\\Application->Laravel\\Lumen\\Concerns\\{closure}()
#32 D:\\my-code\\kehu-web\\shop_mall\\backend\\app\\Http\\Middleware\\CorsMiddleware.php(30): Laravel\\Lumen\\Routing\\Pipeline->Laravel\\Lumen\\Routing\\{closure}()
#33 D:\\my-code\\kehu-web\\shop_mall\\backend\\vendor\\illuminate\\pipeline\\Pipeline.php(167): App\\Http\\Middleware\\CorsMiddleware->handle()
#34 D:\\my-code\\kehu-web\\shop_mall\\backend\\vendor\\laravel\\lumen-framework\\src\\Routing\\Pipeline.php(30): Illuminate\\Pipeline\\Pipeline->Illuminate\\Pipeline\\{closure}()
#35 D:\\my-code\\kehu-web\\shop_mall\\backend\\vendor\\illuminate\\pipeline\\Pipeline.php(103): Laravel\\Lumen\\Routing\\Pipeline->Laravel\\Lumen\\Routing\\{closure}()
#36 D:\\my-code\\kehu-web\\shop_mall\\backend\\vendor\\laravel\\lumen-framework\\src\\Concerns\\RoutesRequests.php(426): Illuminate\\Pipeline\\Pipeline->then()
#37 D:\\my-code\\kehu-web\\shop_mall\\backend\\vendor\\laravel\\lumen-framework\\src\\Concerns\\RoutesRequests.php(165): Laravel\\Lumen\\Application->sendThroughPipeline()
#38 D:\\my-code\\kehu-web\\shop_mall\\backend\\vendor\\laravel\\lumen-framework\\src\\Concerns\\RoutesRequests.php(112): Laravel\\Lumen\\Application->dispatch()
#39 D:\\my-code\\kehu-web\\shop_mall\\backend\\public\\index.php(17): Laravel\\Lumen\\Application->run()
#40 {main}
"} 
[2026-01-15 16:51:59] production.ERROR: Malformed UTF-8 characters, possibly incorrectly encoded {"exception":"[object] (InvalidArgumentException(code: 0): Malformed UTF-8 characters, possibly incorrectly encoded at D:\\my-code\\kehu-web\\shop_mall\\backend\\vendor\\illuminate\\http\\JsonResponse.php:91)
[stacktrace]
#0 D:\\my-code\\kehu-web\\shop_mall\\backend\\vendor\\symfony\\http-foundation\\JsonResponse.php(54): Illuminate\\Http\\JsonResponse->setData()
#1 D:\\my-code\\kehu-web\\shop_mall\\backend\\vendor\\illuminate\\http\\JsonResponse.php(32): Symfony\\Component\\HttpFoundation\\JsonResponse->__construct()
#2 D:\\my-code\\kehu-web\\shop_mall\\backend\\vendor\\laravel\\lumen-framework\\src\\Http\\ResponseFactory.php(40): Illuminate\\Http\\JsonResponse->__construct()
#3 D:\\my-code\\kehu-web\\shop_mall\\backend\\app\\Http\\Controllers\\Api\\RecipeController.php(37): Laravel\\Lumen\\Http\\ResponseFactory->json()
#4 D:\\my-code\\kehu-web\\shop_mall\\backend\\vendor\\illuminate\\container\\BoundMethod.php(36): App\\Http\\Controllers\\Api\\RecipeController->index()
#5 D:\\my-code\\kehu-web\\shop_mall\\backend\\vendor\\illuminate\\container\\Util.php(40): Illuminate\\Container\\BoundMethod::Illuminate\\Container\\{closure}()
#6 D:\\my-code\\kehu-web\\shop_mall\\backend\\vendor\\illuminate\\container\\BoundMethod.php(93): Illuminate\\Container\\Util::unwrapIfClosure()
#7 D:\\my-code\\kehu-web\\shop_mall\\backend\\vendor\\illuminate\\container\\BoundMethod.php(35): Illuminate\\Container\\BoundMethod::callBoundMethod()
#8 D:\\my-code\\kehu-web\\shop_mall\\backend\\vendor\\illuminate\\container\\Container.php(653): Illuminate\\Container\\BoundMethod::call()
#9 D:\\my-code\\kehu-web\\shop_mall\\backend\\vendor\\laravel\\lumen-framework\\src\\Concerns\\RoutesRequests.php(389): Illuminate\\Container\\Container->call()
#10 D:\\my-code\\kehu-web\\shop_mall\\backend\\vendor\\laravel\\lumen-framework\\src\\Concerns\\RoutesRequests.php(354): Laravel\\Lumen\\Application->callControllerCallable()
#11 D:\\my-code\\kehu-web\\shop_mall\\backend\\vendor\\laravel\\lumen-framework\\src\\Concerns\\RoutesRequests.php(329): Laravel\\Lumen\\Application->callLumenController()
#12 D:\\my-code\\kehu-web\\shop_mall\\backend\\vendor\\laravel\\lumen-framework\\src\\Concerns\\RoutesRequests.php(282): Laravel\\Lumen\\Application->callControllerAction()
#13 D:\\my-code\\kehu-web\\shop_mall\\backend\\vendor\\laravel\\lumen-framework\\src\\Concerns\\RoutesRequests.php(267): Laravel\\Lumen\\Application->callActionOnArrayBasedRoute()
#14 D:\\my-code\\kehu-web\\shop_mall\\backend\\vendor\\laravel\\lumen-framework\\src\\Concerns\\RoutesRequests.php(169): Laravel\\Lumen\\Application->handleFoundRoute()
#15 D:\\my-code\\kehu-web\\shop_mall\\backend\\vendor\\laravel\\lumen-framework\\src\\Routing\\Pipeline.php(48): Laravel\\Lumen\\Application->Laravel\\Lumen\\Concerns\\{closure}()
#16 D:\\my-code\\kehu-web\\shop_mall\\backend\\app\\Http\\Middleware\\CorsMiddleware.php(30): Laravel\\Lumen\\Routing\\Pipeline->Laravel\\Lumen\\Routing\\{closure}()
#17 D:\\my-code\\kehu-web\\shop_mall\\backend\\vendor\\illuminate\\pipeline\\Pipeline.php(167): App\\Http\\Middleware\\CorsMiddleware->handle()
#18 D:\\my-code\\kehu-web\\shop_mall\\backend\\vendor\\laravel\\lumen-framework\\src\\Routing\\Pipeline.php(30): Illuminate\\Pipeline\\Pipeline->Illuminate\\Pipeline\\{closure}()
#19 D:\\my-code\\kehu-web\\shop_mall\\backend\\vendor\\illuminate\\pipeline\\Pipeline.php(103): Laravel\\Lumen\\Routing\\Pipeline->Laravel\\Lumen\\Routing\\{closure}()
#20 D:\\my-code\\kehu-web\\shop_mall\\backend\\vendor\\laravel\\lumen-framework\\src\\Concerns\\RoutesRequests.php(426): Illuminate\\Pipeline\\Pipeline->then()
#21 D:\\my-code\\kehu-web\\shop_mall\\backend\\vendor\\laravel\\lumen-framework\\src\\Concerns\\RoutesRequests.php(165): Laravel\\Lumen\\Application->sendThroughPipeline()
#22 D:\\my-code\\kehu-web\\shop_mall\\backend\\vendor\\laravel\\lumen-framework\\src\\Concerns\\RoutesRequests.php(112): Laravel\\Lumen\\Application->dispatch()
#23 D:\\my-code\\kehu-web\\shop_mall\\backend\\public\\index.php(17): Laravel\\Lumen\\Application->run()
#24 {main}
"} 
[2026-01-15 16:52:01] production.ERROR: SQLSTATE[HY000] [2002] php_network_getaddresses: getaddrinfo for http failed: ²»ÖªµÀÕâÑùµÄÖ÷»ú¡£  (SQL: select * from `photos` where `status` = 1 order by `sort` desc, `created_at` desc) {"exception":"[object] (Illuminate\\Database\\QueryException(code: 2002): SQLSTATE[HY000] [2002] php_network_getaddresses: getaddrinfo for http failed: ï¿½ï¿½Öªï¿½ï¿½ï¿½ï¿½ï¿½ï¿½ï¿½ï¿½ï¿½ï¿½ï¿½ï¿½  (SQL: select * from `photos` where `status` = 1 order by `sort` desc, `created_at` desc) at D:\\my-code\\kehu-web\\shop_mall\\backend\\vendor\\illuminate\\database\\Connection.php:712)
[stacktrace]
#0 D:\\my-code\\kehu-web\\shop_mall\\backend\\vendor\\illuminate\\database\\Connection.php(672): Illuminate\\Database\\Connection->runQueryCallback()
#1 D:\\my-code\\kehu-web\\shop_mall\\backend\\vendor\\illuminate\\database\\Connection.php(359): Illuminate\\Database\\Connection->run()
#2 D:\\my-code\\kehu-web\\shop_mall\\backend\\vendor\\illuminate\\database\\Query\\Builder.php(2413): Illuminate\\Database\\Connection->select()
#3 D:\\my-code\\kehu-web\\shop_mall\\backend\\vendor\\illuminate\\database\\Query\\Builder.php(2402): Illuminate\\Database\\Query\\Builder->runSelect()
#4 D:\\my-code\\kehu-web\\shop_mall\\backend\\vendor\\illuminate\\database\\Query\\Builder.php(2936): Illuminate\\Database\\Query\\Builder->Illuminate\\Database\\Query\\{closure}()
#5 D:\\my-code\\kehu-web\\shop_mall\\backend\\vendor\\illuminate\\database\\Query\\Builder.php(2401): Illuminate\\Database\\Query\\Builder->onceWithColumns()
#6 D:\\my-code\\kehu-web\\shop_mall\\backend\\vendor\\illuminate\\database\\Eloquent\\Builder.php(625): Illuminate\\Database\\Query\\Builder->get()
#7 D:\\my-code\\kehu-web\\shop_mall\\backend\\vendor\\illuminate\\database\\Eloquent\\Builder.php(609): Illuminate\\Database\\Eloquent\\Builder->getModels()
#8 D:\\my-code\\kehu-web\\shop_mall\\backend\\app\\Http\\Controllers\\Api\\PhotoController.php(27): Illuminate\\Database\\Eloquent\\Builder->get()
#9 D:\\my-code\\kehu-web\\shop_mall\\backend\\vendor\\illuminate\\container\\BoundMethod.php(36): App\\Http\\Controllers\\Api\\PhotoController->index()
#10 D:\\my-code\\kehu-web\\shop_mall\\backend\\vendor\\illuminate\\container\\Util.php(40): Illuminate\\Container\\BoundMethod::Illuminate\\Container\\{closure}()
#11 D:\\my-code\\kehu-web\\shop_mall\\backend\\vendor\\illuminate\\container\\BoundMethod.php(93): Illuminate\\Container\\Util::unwrapIfClosure()
#12 D:\\my-code\\kehu-web\\shop_mall\\backend\\vendor\\illuminate\\container\\BoundMethod.php(35): Illuminate\\Container\\BoundMethod::callBoundMethod()
#13 D:\\my-code\\kehu-web\\shop_mall\\backend\\vendor\\illuminate\\container\\Container.php(653): Illuminate\\Container\\BoundMethod::call()
#14 D:\\my-code\\kehu-web\\shop_mall\\backend\\vendor\\laravel\\lumen-framework\\src\\Concerns\\RoutesRequests.php(389): Illuminate\\Container\\Container->call()
#15 D:\\my-code\\kehu-web\\shop_mall\\backend\\vendor\\laravel\\lumen-framework\\src\\Concerns\\RoutesRequests.php(354): Laravel\\Lumen\\Application->callControllerCallable()
#16 D:\\my-code\\kehu-web\\shop_mall\\backend\\vendor\\laravel\\lumen-framework\\src\\Concerns\\RoutesRequests.php(329): Laravel\\Lumen\\Application->callLumenController()
#17 D:\\my-code\\kehu-web\\shop_mall\\backend\\vendor\\laravel\\lumen-framework\\src\\Concerns\\RoutesRequests.php(282): Laravel\\Lumen\\Application->callControllerAction()
#18 D:\\my-code\\kehu-web\\shop_mall\\backend\\vendor\\laravel\\lumen-framework\\src\\Concerns\\RoutesRequests.php(267): Laravel\\Lumen\\Application->callActionOnArrayBasedRoute()
#19 D:\\my-code\\kehu-web\\shop_mall\\backend\\vendor\\laravel\\lumen-framework\\src\\Concerns\\RoutesRequests.php(169): Laravel\\Lumen\\Application->handleFoundRoute()
#20 D:\\my-code\\kehu-web\\shop_mall\\backend\\vendor\\laravel\\lumen-framework\\src\\Routing\\Pipeline.php(48): Laravel\\Lumen\\Application->Laravel\\Lumen\\Concerns\\{closure}()
#21 D:\\my-code\\kehu-web\\shop_mall\\backend\\app\\Http\\Middleware\\CorsMiddleware.php(30): Laravel\\Lumen\\Routing\\Pipeline->Laravel\\Lumen\\Routing\\{closure}()
#22 D:\\my-code\\kehu-web\\shop_mall\\backend\\vendor\\illuminate\\pipeline\\Pipeline.php(167): App\\Http\\Middleware\\CorsMiddleware->handle()
#23 D:\\my-code\\kehu-web\\shop_mall\\backend\\vendor\\laravel\\lumen-framework\\src\\Routing\\Pipeline.php(30): Illuminate\\Pipeline\\Pipeline->Illuminate\\Pipeline\\{closure}()
#24 D:\\my-code\\kehu-web\\shop_mall\\backend\\vendor\\illuminate\\pipeline\\Pipeline.php(103): Laravel\\Lumen\\Routing\\Pipeline->Laravel\\Lumen\\Routing\\{closure}()
#25 D:\\my-code\\kehu-web\\shop_mall\\backend\\vendor\\laravel\\lumen-framework\\src\\Concerns\\RoutesRequests.php(426): Illuminate\\Pipeline\\Pipeline->then()
#26 D:\\my-code\\kehu-web\\shop_mall\\backend\\vendor\\laravel\\lumen-framework\\src\\Concerns\\RoutesRequests.php(165): Laravel\\Lumen\\Application->sendThroughPipeline()
#27 D:\\my-code\\kehu-web\\shop_mall\\backend\\vendor\\laravel\\lumen-framework\\src\\Concerns\\RoutesRequests.php(112): Laravel\\Lumen\\Application->dispatch()
#28 D:\\my-code\\kehu-web\\shop_mall\\backend\\public\\index.php(17): Laravel\\Lumen\\Application->run()
#29 {main}

[previous exception] [object] (PDOException(code: 2002): SQLSTATE[HY000] [2002] php_network_getaddresses: getaddrinfo for http failed: ï¿½ï¿½Öªï¿½ï¿½ï¿½ï¿½ï¿½ï¿½ï¿½ï¿½ï¿½ï¿½ï¿½ï¿½  at D:\\my-code\\kehu-web\\shop_mall\\backend\\vendor\\illuminate\\database\\Connectors\\Connector.php:70)
[stacktrace]
#0 D:\\my-code\\kehu-web\\shop_mall\\backend\\vendor\\illuminate\\database\\Connectors\\Connector.php(70): PDO->__construct()
#1 D:\\my-code\\kehu-web\\shop_mall\\backend\\vendor\\illuminate\\database\\Connectors\\Connector.php(45): Illuminate\\Database\\Connectors\\Connector->createPdoConnection()
#2 D:\\my-code\\kehu-web\\shop_mall\\backend\\vendor\\illuminate\\database\\Connectors\\MySqlConnector.php(24): Illuminate\\Database\\Connectors\\Connector->createConnection()
#3 D:\\my-code\\kehu-web\\shop_mall\\backend\\vendor\\illuminate\\database\\Connectors\\ConnectionFactory.php(184): Illuminate\\Database\\Connectors\\MySqlConnector->connect()
#4 [internal function]: Illuminate\\Database\\Connectors\\ConnectionFactory->Illuminate\\Database\\Connectors\\{closure}()
#5 D:\\my-code\\kehu-web\\shop_mall\\backend\\vendor\\illuminate\\database\\Connection.php(1064): call_user_func()
#6 D:\\my-code\\kehu-web\\shop_mall\\backend\\vendor\\illuminate\\database\\Connection.php(1100): Illuminate\\Database\\Connection->getPdo()
#7 D:\\my-code\\kehu-web\\shop_mall\\backend\\vendor\\illuminate\\database\\Connection.php(442): Illuminate\\Database\\Connection->getReadPdo()
#8 D:\\my-code\\kehu-web\\shop_mall\\backend\\vendor\\illuminate\\database\\Connection.php(368): Illuminate\\Database\\Connection->getPdoForSelect()
#9 D:\\my-code\\kehu-web\\shop_mall\\backend\\vendor\\illuminate\\database\\Connection.php(705): Illuminate\\Database\\Connection->Illuminate\\Database\\{closure}()
#10 D:\\my-code\\kehu-web\\shop_mall\\backend\\vendor\\illuminate\\database\\Connection.php(672): Illuminate\\Database\\Connection->runQueryCallback()
#11 D:\\my-code\\kehu-web\\shop_mall\\backend\\vendor\\illuminate\\database\\Connection.php(359): Illuminate\\Database\\Connection->run()
#12 D:\\my-code\\kehu-web\\shop_mall\\backend\\vendor\\illuminate\\database\\Query\\Builder.php(2413): Illuminate\\Database\\Connection->select()
#13 D:\\my-code\\kehu-web\\shop_mall\\backend\\vendor\\illuminate\\database\\Query\\Builder.php(2402): Illuminate\\Database\\Query\\Builder->runSelect()
#14 D:\\my-code\\kehu-web\\shop_mall\\backend\\vendor\\illuminate\\database\\Query\\Builder.php(2936): Illuminate\\Database\\Query\\Builder->Illuminate\\Database\\Query\\{closure}()
#15 D:\\my-code\\kehu-web\\shop_mall\\backend\\vendor\\illuminate\\database\\Query\\Builder.php(2401): Illuminate\\Database\\Query\\Builder->onceWithColumns()
#16 D:\\my-code\\kehu-web\\shop_mall\\backend\\vendor\\illuminate\\database\\Eloquent\\Builder.php(625): Illuminate\\Database\\Query\\Builder->get()
#17 D:\\my-code\\kehu-web\\shop_mall\\backend\\vendor\\illuminate\\database\\Eloquent\\Builder.php(609): Illuminate\\Database\\Eloquent\\Builder->getModels()
#18 D:\\my-code\\kehu-web\\shop_mall\\backend\\app\\Http\\Controllers\\Api\\PhotoController.php(27): Illuminate\\Database\\Eloquent\\Builder->get()
#19 D:\\my-code\\kehu-web\\shop_mall\\backend\\vendor\\illuminate\\container\\BoundMethod.php(36): App\\Http\\Controllers\\Api\\PhotoController->index()
#20 D:\\my-code\\kehu-web\\shop_mall\\backend\\vendor\\illuminate\\container\\Util.php(40): Illuminate\\Container\\BoundMethod::Illuminate\\Container\\{closure}()
#21 D:\\my-code\\kehu-web\\shop_mall\\backend\\vendor\\illuminate\\container\\BoundMethod.php(93): Illuminate\\Container\\Util::unwrapIfClosure()
#22 D:\\my-code\\kehu-web\\shop_mall\\backend\\vendor\\illuminate\\container\\BoundMethod.php(35): Illuminate\\Container\\BoundMethod::callBoundMethod()
#23 D:\\my-code\\kehu-web\\shop_mall\\backend\\vendor\\illuminate\\container\\Container.php(653): Illuminate\\Container\\BoundMethod::call()
#24 D:\\my-code\\kehu-web\\shop_mall\\backend\\vendor\\laravel\\lumen-framework\\src\\Concerns\\RoutesRequests.php(389): Illuminate\\Container\\Container->call()
#25 D:\\my-code\\kehu-web\\shop_mall\\backend\\vendor\\laravel\\lumen-framework\\src\\Concerns\\RoutesRequests.php(354): Laravel\\Lumen\\Application->callControllerCallable()
#26 D:\\my-code\\kehu-web\\shop_mall\\backend\\vendor\\laravel\\lumen-framework\\src\\Concerns\\RoutesRequests.php(329): Laravel\\Lumen\\Application->callLumenController()
#27 D:\\my-code\\kehu-web\\shop_mall\\backend\\vendor\\laravel\\lumen-framework\\src\\Concerns\\RoutesRequests.php(282): Laravel\\Lumen\\Application->callControllerAction()
#28 D:\\my-code\\kehu-web\\shop_mall\\backend\\vendor\\laravel\\lumen-framework\\src\\Concerns\\RoutesRequests.php(267): Laravel\\Lumen\\Application->callActionOnArrayBasedRoute()
#29 D:\\my-code\\kehu-web\\shop_mall\\backend\\vendor\\laravel\\lumen-framework\\src\\Concerns\\RoutesRequests.php(169): Laravel\\Lumen\\Application->handleFoundRoute()
#30 D:\\my-code\\kehu-web\\shop_mall\\backend\\vendor\\laravel\\lumen-framework\\src\\Routing\\Pipeline.php(48): Laravel\\Lumen\\Application->Laravel\\Lumen\\Concerns\\{closure}()
#31 D:\\my-code\\kehu-web\\shop_mall\\backend\\app\\Http\\Middleware\\CorsMiddleware.php(30): Laravel\\Lumen\\Routing\\Pipeline->Laravel\\Lumen\\Routing\\{closure}()
#32 D:\\my-code\\kehu-web\\shop_mall\\backend\\vendor\\illuminate\\pipeline\\Pipeline.php(167): App\\Http\\Middleware\\CorsMiddleware->handle()
#33 D:\\my-code\\kehu-web\\shop_mall\\backend\\vendor\\laravel\\lumen-framework\\src\\Routing\\Pipeline.php(30): Illuminate\\Pipeline\\Pipeline->Illuminate\\Pipeline\\{closure}()
#34 D:\\my-code\\kehu-web\\shop_mall\\backend\\vendor\\illuminate\\pipeline\\Pipeline.php(103): Laravel\\Lumen\\Routing\\Pipeline->Laravel\\Lumen\\Routing\\{closure}()
#35 D:\\my-code\\kehu-web\\shop_mall\\backend\\vendor\\laravel\\lumen-framework\\src\\Concerns\\RoutesRequests.php(426): Illuminate\\Pipeline\\Pipeline->then()
#36 D:\\my-code\\kehu-web\\shop_mall\\backend\\vendor\\laravel\\lumen-framework\\src\\Concerns\\RoutesRequests.php(165): Laravel\\Lumen\\Application->sendThroughPipeline()
#37 D:\\my-code\\kehu-web\\shop_mall\\backend\\vendor\\laravel\\lumen-framework\\src\\Concerns\\RoutesRequests.php(112): Laravel\\Lumen\\Application->dispatch()
#38 D:\\my-code\\kehu-web\\shop_mall\\backend\\public\\index.php(17): Laravel\\Lumen\\Application->run()
#39 {main}

[previous exception] [object] (PDOException(code: 0): PDO::__construct(): php_network_getaddresses: getaddrinfo for http failed: ï¿½ï¿½Öªï¿½ï¿½ï¿½ï¿½ï¿½ï¿½ï¿½ï¿½ï¿½ï¿½ï¿½ï¿½  at D:\\my-code\\kehu-web\\shop_mall\\backend\\vendor\\illuminate\\database\\Connectors\\Connector.php:70)
[stacktrace]
#0 D:\\my-code\\kehu-web\\shop_mall\\backend\\vendor\\illuminate\\database\\Connectors\\Connector.php(70): PDO->__construct()
#1 D:\\my-code\\kehu-web\\shop_mall\\backend\\vendor\\illuminate\\database\\Connectors\\Connector.php(45): Illuminate\\Database\\Connectors\\Connector->createPdoConnection()
#2 D:\\my-code\\kehu-web\\shop_mall\\backend\\vendor\\illuminate\\database\\Connectors\\MySqlConnector.php(24): Illuminate\\Database\\Connectors\\Connector->createConnection()
#3 D:\\my-code\\kehu-web\\shop_mall\\backend\\vendor\\illuminate\\database\\Connectors\\ConnectionFactory.php(184): Illuminate\\Database\\Connectors\\MySqlConnector->connect()
#4 [internal function]: Illuminate\\Database\\Connectors\\ConnectionFactory->Illuminate\\Database\\Connectors\\{closure}()
#5 D:\\my-code\\kehu-web\\shop_mall\\backend\\vendor\\illuminate\\database\\Connection.php(1064): call_user_func()
#6 D:\\my-code\\kehu-web\\shop_mall\\backend\\vendor\\illuminate\\database\\Connection.php(1100): Illuminate\\Database\\Connection->getPdo()
#7 D:\\my-code\\kehu-web\\shop_mall\\backend\\vendor\\illuminate\\database\\Connection.php(442): Illuminate\\Database\\Connection->getReadPdo()
#8 D:\\my-code\\kehu-web\\shop_mall\\backend\\vendor\\illuminate\\database\\Connection.php(368): Illuminate\\Database\\Connection->getPdoForSelect()
#9 D:\\my-code\\kehu-web\\shop_mall\\backend\\vendor\\illuminate\\database\\Connection.php(705): Illuminate\\Database\\Connection->Illuminate\\Database\\{closure}()
#10 D:\\my-code\\kehu-web\\shop_mall\\backend\\vendor\\illuminate\\database\\Connection.php(672): Illuminate\\Database\\Connection->runQueryCallback()
#11 D:\\my-code\\kehu-web\\shop_mall\\backend\\vendor\\illuminate\\database\\Connection.php(359): Illuminate\\Database\\Connection->run()
#12 D:\\my-code\\kehu-web\\shop_mall\\backend\\vendor\\illuminate\\database\\Query\\Builder.php(2413): Illuminate\\Database\\Connection->select()
#13 D:\\my-code\\kehu-web\\shop_mall\\backend\\vendor\\illuminate\\database\\Query\\Builder.php(2402): Illuminate\\Database\\Query\\Builder->runSelect()
#14 D:\\my-code\\kehu-web\\shop_mall\\backend\\vendor\\illuminate\\database\\Query\\Builder.php(2936): Illuminate\\Database\\Query\\Builder->Illuminate\\Database\\Query\\{closure}()
#15 D:\\my-code\\kehu-web\\shop_mall\\backend\\vendor\\illuminate\\database\\Query\\Builder.php(2401): Illuminate\\Database\\Query\\Builder->onceWithColumns()
#16 D:\\my-code\\kehu-web\\shop_mall\\backend\\vendor\\illuminate\\database\\Eloquent\\Builder.php(625): Illuminate\\Database\\Query\\Builder->get()
#17 D:\\my-code\\kehu-web\\shop_mall\\backend\\vendor\\illuminate\\database\\Eloquent\\Builder.php(609): Illuminate\\Database\\Eloquent\\Builder->getModels()
#18 D:\\my-code\\kehu-web\\shop_mall\\backend\\app\\Http\\Controllers\\Api\\PhotoController.php(27): Illuminate\\Database\\Eloquent\\Builder->get()
#19 D:\\my-code\\kehu-web\\shop_mall\\backend\\vendor\\illuminate\\container\\BoundMethod.php(36): App\\Http\\Controllers\\Api\\PhotoController->index()
#20 D:\\my-code\\kehu-web\\shop_mall\\backend\\vendor\\illuminate\\container\\Util.php(40): Illuminate\\Container\\BoundMethod::Illuminate\\Container\\{closure}()
#21 D:\\my-code\\kehu-web\\shop_mall\\backend\\vendor\\illuminate\\container\\BoundMethod.php(93): Illuminate\\Container\\Util::unwrapIfClosure()
#22 D:\\my-code\\kehu-web\\shop_mall\\backend\\vendor\\illuminate\\container\\BoundMethod.php(35): Illuminate\\Container\\BoundMethod::callBoundMethod()
#23 D:\\my-code\\kehu-web\\shop_mall\\backend\\vendor\\illuminate\\container\\Container.php(653): Illuminate\\Container\\BoundMethod::call()
#24 D:\\my-code\\kehu-web\\shop_mall\\backend\\vendor\\laravel\\lumen-framework\\src\\Concerns\\RoutesRequests.php(389): Illuminate\\Container\\Container->call()
#25 D:\\my-code\\kehu-web\\shop_mall\\backend\\vendor\\laravel\\lumen-framework\\src\\Concerns\\RoutesRequests.php(354): Laravel\\Lumen\\Application->callControllerCallable()
#26 D:\\my-code\\kehu-web\\shop_mall\\backend\\vendor\\laravel\\lumen-framework\\src\\Concerns\\RoutesRequests.php(329): Laravel\\Lumen\\Application->callLumenController()
#27 D:\\my-code\\kehu-web\\shop_mall\\backend\\vendor\\laravel\\lumen-framework\\src\\Concerns\\RoutesRequests.php(282): Laravel\\Lumen\\Application->callControllerAction()
#28 D:\\my-code\\kehu-web\\shop_mall\\backend\\vendor\\laravel\\lumen-framework\\src\\Concerns\\RoutesRequests.php(267): Laravel\\Lumen\\Application->callActionOnArrayBasedRoute()
#29 D:\\my-code\\kehu-web\\shop_mall\\backend\\vendor\\laravel\\lumen-framework\\src\\Concerns\\RoutesRequests.php(169): Laravel\\Lumen\\Application->handleFoundRoute()
#30 D:\\my-code\\kehu-web\\shop_mall\\backend\\vendor\\laravel\\lumen-framework\\src\\Routing\\Pipeline.php(48): Laravel\\Lumen\\Application->Laravel\\Lumen\\Concerns\\{closure}()
#31 D:\\my-code\\kehu-web\\shop_mall\\backend\\app\\Http\\Middleware\\CorsMiddleware.php(30): Laravel\\Lumen\\Routing\\Pipeline->Laravel\\Lumen\\Routing\\{closure}()
#32 D:\\my-code\\kehu-web\\shop_mall\\backend\\vendor\\illuminate\\pipeline\\Pipeline.php(167): App\\Http\\Middleware\\CorsMiddleware->handle()
#33 D:\\my-code\\kehu-web\\shop_mall\\backend\\vendor\\laravel\\lumen-framework\\src\\Routing\\Pipeline.php(30): Illuminate\\Pipeline\\Pipeline->Illuminate\\Pipeline\\{closure}()
#34 D:\\my-code\\kehu-web\\shop_mall\\backend\\vendor\\illuminate\\pipeline\\Pipeline.php(103): Laravel\\Lumen\\Routing\\Pipeline->Laravel\\Lumen\\Routing\\{closure}()
#35 D:\\my-code\\kehu-web\\shop_mall\\backend\\vendor\\laravel\\lumen-framework\\src\\Concerns\\RoutesRequests.php(426): Illuminate\\Pipeline\\Pipeline->then()
#36 D:\\my-code\\kehu-web\\shop_mall\\backend\\vendor\\laravel\\lumen-framework\\src\\Concerns\\RoutesRequests.php(165): Laravel\\Lumen\\Application->sendThroughPipeline()
#37 D:\\my-code\\kehu-web\\shop_mall\\backend\\vendor\\laravel\\lumen-framework\\src\\Concerns\\RoutesRequests.php(112): Laravel\\Lumen\\Application->dispatch()
#38 D:\\my-code\\kehu-web\\shop_mall\\backend\\public\\index.php(17): Laravel\\Lumen\\Application->run()
#39 {main}
"} 
[2026-01-15 16:52:03] production.ERROR: Malformed UTF-8 characters, possibly incorrectly encoded {"exception":"[object] (InvalidArgumentException(code: 0): Malformed UTF-8 characters, possibly incorrectly encoded at D:\\my-code\\kehu-web\\shop_mall\\backend\\vendor\\illuminate\\http\\JsonResponse.php:91)
[stacktrace]
#0 D:\\my-code\\kehu-web\\shop_mall\\backend\\vendor\\symfony\\http-foundation\\JsonResponse.php(54): Illuminate\\Http\\JsonResponse->setData()
#1 D:\\my-code\\kehu-web\\shop_mall\\backend\\vendor\\illuminate\\http\\JsonResponse.php(32): Symfony\\Component\\HttpFoundation\\JsonResponse->__construct()
#2 D:\\my-code\\kehu-web\\shop_mall\\backend\\vendor\\laravel\\lumen-framework\\src\\Http\\ResponseFactory.php(40): Illuminate\\Http\\JsonResponse->__construct()
#3 D:\\my-code\\kehu-web\\shop_mall\\backend\\app\\Http\\Controllers\\Api\\ArticleController.php(61): Laravel\\Lumen\\Http\\ResponseFactory->json()
#4 D:\\my-code\\kehu-web\\shop_mall\\backend\\vendor\\illuminate\\container\\BoundMethod.php(36): App\\Http\\Controllers\\Api\\ArticleController->show()
#5 D:\\my-code\\kehu-web\\shop_mall\\backend\\vendor\\illuminate\\container\\Util.php(40): Illuminate\\Container\\BoundMethod::Illuminate\\Container\\{closure}()
#6 D:\\my-code\\kehu-web\\shop_mall\\backend\\vendor\\illuminate\\container\\BoundMethod.php(93): Illuminate\\Container\\Util::unwrapIfClosure()
#7 D:\\my-code\\kehu-web\\shop_mall\\backend\\vendor\\illuminate\\container\\BoundMethod.php(35): Illuminate\\Container\\BoundMethod::callBoundMethod()
#8 D:\\my-code\\kehu-web\\shop_mall\\backend\\vendor\\illuminate\\container\\Container.php(653): Illuminate\\Container\\BoundMethod::call()
#9 D:\\my-code\\kehu-web\\shop_mall\\backend\\vendor\\laravel\\lumen-framework\\src\\Concerns\\RoutesRequests.php(389): Illuminate\\Container\\Container->call()
#10 D:\\my-code\\kehu-web\\shop_mall\\backend\\vendor\\laravel\\lumen-framework\\src\\Concerns\\RoutesRequests.php(354): Laravel\\Lumen\\Application->callControllerCallable()
#11 D:\\my-code\\kehu-web\\shop_mall\\backend\\vendor\\laravel\\lumen-framework\\src\\Concerns\\RoutesRequests.php(329): Laravel\\Lumen\\Application->callLumenController()
#12 D:\\my-code\\kehu-web\\shop_mall\\backend\\vendor\\laravel\\lumen-framework\\src\\Concerns\\RoutesRequests.php(282): Laravel\\Lumen\\Application->callControllerAction()
#13 D:\\my-code\\kehu-web\\shop_mall\\backend\\vendor\\laravel\\lumen-framework\\src\\Concerns\\RoutesRequests.php(267): Laravel\\Lumen\\Application->callActionOnArrayBasedRoute()
#14 D:\\my-code\\kehu-web\\shop_mall\\backend\\vendor\\laravel\\lumen-framework\\src\\Concerns\\RoutesRequests.php(237): Laravel\\Lumen\\Application->handleFoundRoute()
#15 D:\\my-code\\kehu-web\\shop_mall\\backend\\vendor\\laravel\\lumen-framework\\src\\Concerns\\RoutesRequests.php(172): Laravel\\Lumen\\Application->handleDispatcherResponse()
#16 D:\\my-code\\kehu-web\\shop_mall\\backend\\vendor\\laravel\\lumen-framework\\src\\Routing\\Pipeline.php(48): Laravel\\Lumen\\Application->Laravel\\Lumen\\Concerns\\{closure}()
#17 D:\\my-code\\kehu-web\\shop_mall\\backend\\app\\Http\\Middleware\\CorsMiddleware.php(30): Laravel\\Lumen\\Routing\\Pipeline->Laravel\\Lumen\\Routing\\{closure}()
#18 D:\\my-code\\kehu-web\\shop_mall\\backend\\vendor\\illuminate\\pipeline\\Pipeline.php(167): App\\Http\\Middleware\\CorsMiddleware->handle()
#19 D:\\my-code\\kehu-web\\shop_mall\\backend\\vendor\\laravel\\lumen-framework\\src\\Routing\\Pipeline.php(30): Illuminate\\Pipeline\\Pipeline->Illuminate\\Pipeline\\{closure}()
#20 D:\\my-code\\kehu-web\\shop_mall\\backend\\vendor\\illuminate\\pipeline\\Pipeline.php(103): Laravel\\Lumen\\Routing\\Pipeline->Laravel\\Lumen\\Routing\\{closure}()
#21 D:\\my-code\\kehu-web\\shop_mall\\backend\\vendor\\laravel\\lumen-framework\\src\\Concerns\\RoutesRequests.php(426): Illuminate\\Pipeline\\Pipeline->then()
#22 D:\\my-code\\kehu-web\\shop_mall\\backend\\vendor\\laravel\\lumen-framework\\src\\Concerns\\RoutesRequests.php(165): Laravel\\Lumen\\Application->sendThroughPipeline()
#23 D:\\my-code\\kehu-web\\shop_mall\\backend\\vendor\\laravel\\lumen-framework\\src\\Concerns\\RoutesRequests.php(112): Laravel\\Lumen\\Application->dispatch()
#24 D:\\my-code\\kehu-web\\shop_mall\\backend\\public\\index.php(17): Laravel\\Lumen\\Application->run()
#25 {main}
"} 
[2026-01-15 16:52:37] production.ERROR: SQLSTATE[HY000] [2002] php_network_getaddresses: getaddrinfo for http failed: ²»ÖªµÀÕâÑùµÄÖ÷»ú¡£  (SQL: select * from `admins` where `id` = 1 limit 1) {"exception":"[object] (Illuminate\\Database\\QueryException(code: 2002): SQLSTATE[HY000] [2002] php_network_getaddresses: getaddrinfo for http failed: ï¿½ï¿½Öªï¿½ï¿½ï¿½ï¿½ï¿½ï¿½ï¿½ï¿½ï¿½ï¿½ï¿½ï¿½  (SQL: select * from `admins` where `id` = 1 limit 1) at D:\\my-code\\kehu-web\\shop_mall\\backend\\vendor\\illuminate\\database\\Connection.php:712)
[stacktrace]
#0 D:\\my-code\\kehu-web\\shop_mall\\backend\\vendor\\illuminate\\database\\Connection.php(672): Illuminate\\Database\\Connection->runQueryCallback()
#1 D:\\my-code\\kehu-web\\shop_mall\\backend\\vendor\\illuminate\\database\\Connection.php(359): Illuminate\\Database\\Connection->run()
#2 D:\\my-code\\kehu-web\\shop_mall\\backend\\vendor\\illuminate\\database\\Query\\Builder.php(2413): Illuminate\\Database\\Connection->select()
#3 D:\\my-code\\kehu-web\\shop_mall\\backend\\vendor\\illuminate\\database\\Query\\Builder.php(2402): Illuminate\\Database\\Query\\Builder->runSelect()
#4 D:\\my-code\\kehu-web\\shop_mall\\backend\\vendor\\illuminate\\database\\Query\\Builder.php(2936): Illuminate\\Database\\Query\\Builder->Illuminate\\Database\\Query\\{closure}()
#5 D:\\my-code\\kehu-web\\shop_mall\\backend\\vendor\\illuminate\\database\\Query\\Builder.php(2401): Illuminate\\Database\\Query\\Builder->onceWithColumns()
#6 D:\\my-code\\kehu-web\\shop_mall\\backend\\vendor\\illuminate\\database\\Eloquent\\Builder.php(625): Illuminate\\Database\\Query\\Builder->get()
#7 D:\\my-code\\kehu-web\\shop_mall\\backend\\vendor\\illuminate\\database\\Eloquent\\Builder.php(609): Illuminate\\Database\\Eloquent\\Builder->getModels()
#8 D:\\my-code\\kehu-web\\shop_mall\\backend\\vendor\\illuminate\\database\\Concerns\\BuildsQueries.php(294): Illuminate\\Database\\Eloquent\\Builder->get()
#9 D:\\my-code\\kehu-web\\shop_mall\\backend\\vendor\\illuminate\\auth\\EloquentUserProvider.php(53): Illuminate\\Database\\Eloquent\\Builder->first()
#10 D:\\my-code\\kehu-web\\shop_mall\\backend\\vendor\\tymon\\jwt-auth\\src\\JWTGuard.php(81): Illuminate\\Auth\\EloquentUserProvider->retrieveById()
#11 D:\\my-code\\kehu-web\\shop_mall\\backend\\vendor\\illuminate\\auth\\GuardHelpers.php(60): Tymon\\JWTAuth\\JWTGuard->user()
#12 D:\\my-code\\kehu-web\\shop_mall\\backend\\vendor\\illuminate\\auth\\GuardHelpers.php(70): Tymon\\JWTAuth\\JWTGuard->check()
#13 D:\\my-code\\kehu-web\\shop_mall\\backend\\app\\Http\\Middleware\\AdminAuthenticate.php(19): Tymon\\JWTAuth\\JWTGuard->guest()
#14 D:\\my-code\\kehu-web\\shop_mall\\backend\\vendor\\illuminate\\pipeline\\Pipeline.php(167): App\\Http\\Middleware\\AdminAuthenticate->handle()
#15 D:\\my-code\\kehu-web\\shop_mall\\backend\\vendor\\laravel\\lumen-framework\\src\\Routing\\Pipeline.php(30): Illuminate\\Pipeline\\Pipeline->Illuminate\\Pipeline\\{closure}()
#16 D:\\my-code\\kehu-web\\shop_mall\\backend\\vendor\\illuminate\\pipeline\\Pipeline.php(103): Laravel\\Lumen\\Routing\\Pipeline->Laravel\\Lumen\\Routing\\{closure}()
#17 D:\\my-code\\kehu-web\\shop_mall\\backend\\vendor\\laravel\\lumen-framework\\src\\Concerns\\RoutesRequests.php(426): Illuminate\\Pipeline\\Pipeline->then()
#18 D:\\my-code\\kehu-web\\shop_mall\\backend\\vendor\\laravel\\lumen-framework\\src\\Concerns\\RoutesRequests.php(261): Laravel\\Lumen\\Application->sendThroughPipeline()
#19 D:\\my-code\\kehu-web\\shop_mall\\backend\\vendor\\laravel\\lumen-framework\\src\\Concerns\\RoutesRequests.php(169): Laravel\\Lumen\\Application->handleFoundRoute()
#20 D:\\my-code\\kehu-web\\shop_mall\\backend\\vendor\\laravel\\lumen-framework\\src\\Routing\\Pipeline.php(48): Laravel\\Lumen\\Application->Laravel\\Lumen\\Concerns\\{closure}()
#21 D:\\my-code\\kehu-web\\shop_mall\\backend\\app\\Http\\Middleware\\CorsMiddleware.php(30): Laravel\\Lumen\\Routing\\Pipeline->Laravel\\Lumen\\Routing\\{closure}()
#22 D:\\my-code\\kehu-web\\shop_mall\\backend\\vendor\\illuminate\\pipeline\\Pipeline.php(167): App\\Http\\Middleware\\CorsMiddleware->handle()
#23 D:\\my-code\\kehu-web\\shop_mall\\backend\\vendor\\laravel\\lumen-framework\\src\\Routing\\Pipeline.php(30): Illuminate\\Pipeline\\Pipeline->Illuminate\\Pipeline\\{closure}()
#24 D:\\my-code\\kehu-web\\shop_mall\\backend\\vendor\\illuminate\\pipeline\\Pipeline.php(103): Laravel\\Lumen\\Routing\\Pipeline->Laravel\\Lumen\\Routing\\{closure}()
#25 D:\\my-code\\kehu-web\\shop_mall\\backend\\vendor\\laravel\\lumen-framework\\src\\Concerns\\RoutesRequests.php(426): Illuminate\\Pipeline\\Pipeline->then()
#26 D:\\my-code\\kehu-web\\shop_mall\\backend\\vendor\\laravel\\lumen-framework\\src\\Concerns\\RoutesRequests.php(165): Laravel\\Lumen\\Application->sendThroughPipeline()
#27 D:\\my-code\\kehu-web\\shop_mall\\backend\\vendor\\laravel\\lumen-framework\\src\\Concerns\\RoutesRequests.php(112): Laravel\\Lumen\\Application->dispatch()
#28 D:\\my-code\\kehu-web\\shop_mall\\backend\\public\\index.php(17): Laravel\\Lumen\\Application->run()
#29 {main}

[previous exception] [object] (PDOException(code: 2002): SQLSTATE[HY000] [2002] php_network_getaddresses: getaddrinfo for http failed: ï¿½ï¿½Öªï¿½ï¿½ï¿½ï¿½ï¿½ï¿½ï¿½ï¿½ï¿½ï¿½ï¿½ï¿½  at D:\\my-code\\kehu-web\\shop_mall\\backend\\vendor\\illuminate\\database\\Connectors\\Connector.php:70)
[stacktrace]
#0 D:\\my-code\\kehu-web\\shop_mall\\backend\\vendor\\illuminate\\database\\Connectors\\Connector.php(70): PDO->__construct()
#1 D:\\my-code\\kehu-web\\shop_mall\\backend\\vendor\\illuminate\\database\\Connectors\\Connector.php(45): Illuminate\\Database\\Connectors\\Connector->createPdoConnection()
#2 D:\\my-code\\kehu-web\\shop_mall\\backend\\vendor\\illuminate\\database\\Connectors\\MySqlConnector.php(24): Illuminate\\Database\\Connectors\\Connector->createConnection()
#3 D:\\my-code\\kehu-web\\shop_mall\\backend\\vendor\\illuminate\\database\\Connectors\\ConnectionFactory.php(184): Illuminate\\Database\\Connectors\\MySqlConnector->connect()
#4 [internal function]: Illuminate\\Database\\Connectors\\ConnectionFactory->Illuminate\\Database\\Connectors\\{closure}()
#5 D:\\my-code\\kehu-web\\shop_mall\\backend\\vendor\\illuminate\\database\\Connection.php(1064): call_user_func()
#6 D:\\my-code\\kehu-web\\shop_mall\\backend\\vendor\\illuminate\\database\\Connection.php(1100): Illuminate\\Database\\Connection->getPdo()
#7 D:\\my-code\\kehu-web\\shop_mall\\backend\\vendor\\illuminate\\database\\Connection.php(442): Illuminate\\Database\\Connection->getReadPdo()
#8 D:\\my-code\\kehu-web\\shop_mall\\backend\\vendor\\illuminate\\database\\Connection.php(368): Illuminate\\Database\\Connection->getPdoForSelect()
#9 D:\\my-code\\kehu-web\\shop_mall\\backend\\vendor\\illuminate\\database\\Connection.php(705): Illuminate\\Database\\Connection->Illuminate\\Database\\{closure}()
#10 D:\\my-code\\kehu-web\\shop_mall\\backend\\vendor\\illuminate\\database\\Connection.php(672): Illuminate\\Database\\Connection->runQueryCallback()
#11 D:\\my-code\\kehu-web\\shop_mall\\backend\\vendor\\illuminate\\database\\Connection.php(359): Illuminate\\Database\\Connection->run()
#12 D:\\my-code\\kehu-web\\shop_mall\\backend\\vendor\\illuminate\\database\\Query\\Builder.php(2413): Illuminate\\Database\\Connection->select()
#13 D:\\my-code\\kehu-web\\shop_mall\\backend\\vendor\\illuminate\\database\\Query\\Builder.php(2402): Illuminate\\Database\\Query\\Builder->runSelect()
#14 D:\\my-code\\kehu-web\\shop_mall\\backend\\vendor\\illuminate\\database\\Query\\Builder.php(2936): Illuminate\\Database\\Query\\Builder->Illuminate\\Database\\Query\\{closure}()
#15 D:\\my-code\\kehu-web\\shop_mall\\backend\\vendor\\illuminate\\database\\Query\\Builder.php(2401): Illuminate\\Database\\Query\\Builder->onceWithColumns()
#16 D:\\my-code\\kehu-web\\shop_mall\\backend\\vendor\\illuminate\\database\\Eloquent\\Builder.php(625): Illuminate\\Database\\Query\\Builder->get()
#17 D:\\my-code\\kehu-web\\shop_mall\\backend\\vendor\\illuminate\\database\\Eloquent\\Builder.php(609): Illuminate\\Database\\Eloquent\\Builder->getModels()
#18 D:\\my-code\\kehu-web\\shop_mall\\backend\\vendor\\illuminate\\database\\Concerns\\BuildsQueries.php(294): Illuminate\\Database\\Eloquent\\Builder->get()
#19 D:\\my-code\\kehu-web\\shop_mall\\backend\\vendor\\illuminate\\auth\\EloquentUserProvider.php(53): Illuminate\\Database\\Eloquent\\Builder->first()
#20 D:\\my-code\\kehu-web\\shop_mall\\backend\\vendor\\tymon\\jwt-auth\\src\\JWTGuard.php(81): Illuminate\\Auth\\EloquentUserProvider->retrieveById()
#21 D:\\my-code\\kehu-web\\shop_mall\\backend\\vendor\\illuminate\\auth\\GuardHelpers.php(60): Tymon\\JWTAuth\\JWTGuard->user()
#22 D:\\my-code\\kehu-web\\shop_mall\\backend\\vendor\\illuminate\\auth\\GuardHelpers.php(70): Tymon\\JWTAuth\\JWTGuard->check()
#23 D:\\my-code\\kehu-web\\shop_mall\\backend\\app\\Http\\Middleware\\AdminAuthenticate.php(19): Tymon\\JWTAuth\\JWTGuard->guest()
#24 D:\\my-code\\kehu-web\\shop_mall\\backend\\vendor\\illuminate\\pipeline\\Pipeline.php(167): App\\Http\\Middleware\\AdminAuthenticate->handle()
#25 D:\\my-code\\kehu-web\\shop_mall\\backend\\vendor\\laravel\\lumen-framework\\src\\Routing\\Pipeline.php(30): Illuminate\\Pipeline\\Pipeline->Illuminate\\Pipeline\\{closure}()
#26 D:\\my-code\\kehu-web\\shop_mall\\backend\\vendor\\illuminate\\pipeline\\Pipeline.php(103): Laravel\\Lumen\\Routing\\Pipeline->Laravel\\Lumen\\Routing\\{closure}()
#27 D:\\my-code\\kehu-web\\shop_mall\\backend\\vendor\\laravel\\lumen-framework\\src\\Concerns\\RoutesRequests.php(426): Illuminate\\Pipeline\\Pipeline->then()
#28 D:\\my-code\\kehu-web\\shop_mall\\backend\\vendor\\laravel\\lumen-framework\\src\\Concerns\\RoutesRequests.php(261): Laravel\\Lumen\\Application->sendThroughPipeline()
#29 D:\\my-code\\kehu-web\\shop_mall\\backend\\vendor\\laravel\\lumen-framework\\src\\Concerns\\RoutesRequests.php(169): Laravel\\Lumen\\Application->handleFoundRoute()
#30 D:\\my-code\\kehu-web\\shop_mall\\backend\\vendor\\laravel\\lumen-framework\\src\\Routing\\Pipeline.php(48): Laravel\\Lumen\\Application->Laravel\\Lumen\\Concerns\\{closure}()
#31 D:\\my-code\\kehu-web\\shop_mall\\backend\\app\\Http\\Middleware\\CorsMiddleware.php(30): Laravel\\Lumen\\Routing\\Pipeline->Laravel\\Lumen\\Routing\\{closure}()
#32 D:\\my-code\\kehu-web\\shop_mall\\backend\\vendor\\illuminate\\pipeline\\Pipeline.php(167): App\\Http\\Middleware\\CorsMiddleware->handle()
#33 D:\\my-code\\kehu-web\\shop_mall\\backend\\vendor\\laravel\\lumen-framework\\src\\Routing\\Pipeline.php(30): Illuminate\\Pipeline\\Pipeline->Illuminate\\Pipeline\\{closure}()
#34 D:\\my-code\\kehu-web\\shop_mall\\backend\\vendor\\illuminate\\pipeline\\Pipeline.php(103): Laravel\\Lumen\\Routing\\Pipeline->Laravel\\Lumen\\Routing\\{closure}()
#35 D:\\my-code\\kehu-web\\shop_mall\\backend\\vendor\\laravel\\lumen-framework\\src\\Concerns\\RoutesRequests.php(426): Illuminate\\Pipeline\\Pipeline->then()
#36 D:\\my-code\\kehu-web\\shop_mall\\backend\\vendor\\laravel\\lumen-framework\\src\\Concerns\\RoutesRequests.php(165): Laravel\\Lumen\\Application->sendThroughPipeline()
#37 D:\\my-code\\kehu-web\\shop_mall\\backend\\vendor\\laravel\\lumen-framework\\src\\Concerns\\RoutesRequests.php(112): Laravel\\Lumen\\Application->dispatch()
#38 D:\\my-code\\kehu-web\\shop_mall\\backend\\public\\index.php(17): Laravel\\Lumen\\Application->run()
#39 {main}

[previous exception] [object] (PDOException(code: 0): PDO::__construct(): php_network_getaddresses: getaddrinfo for http failed: ï¿½ï¿½Öªï¿½ï¿½ï¿½ï¿½ï¿½ï¿½ï¿½ï¿½ï¿½ï¿½ï¿½ï¿½  at D:\\my-code\\kehu-web\\shop_mall\\backend\\vendor\\illuminate\\database\\Connectors\\Connector.php:70)
[stacktrace]
#0 D:\\my-code\\kehu-web\\shop_mall\\backend\\vendor\\illuminate\\database\\Connectors\\Connector.php(70): PDO->__construct()
#1 D:\\my-code\\kehu-web\\shop_mall\\backend\\vendor\\illuminate\\database\\Connectors\\Connector.php(45): Illuminate\\Database\\Connectors\\Connector->createPdoConnection()
#2 D:\\my-code\\kehu-web\\shop_mall\\backend\\vendor\\illuminate\\database\\Connectors\\MySqlConnector.php(24): Illuminate\\Database\\Connectors\\Connector->createConnection()
#3 D:\\my-code\\kehu-web\\shop_mall\\backend\\vendor\\illuminate\\database\\Connectors\\ConnectionFactory.php(184): Illuminate\\Database\\Connectors\\MySqlConnector->connect()
#4 [internal function]: Illuminate\\Database\\Connectors\\ConnectionFactory->Illuminate\\Database\\Connectors\\{closure}()
#5 D:\\my-code\\kehu-web\\shop_mall\\backend\\vendor\\illuminate\\database\\Connection.php(1064): call_user_func()
#6 D:\\my-code\\kehu-web\\shop_mall\\backend\\vendor\\illuminate\\database\\Connection.php(1100): Illuminate\\Database\\Connection->getPdo()
#7 D:\\my-code\\kehu-web\\shop_mall\\backend\\vendor\\illuminate\\database\\Connection.php(442): Illuminate\\Database\\Connection->getReadPdo()
#8 D:\\my-code\\kehu-web\\shop_mall\\backend\\vendor\\illuminate\\database\\Connection.php(368): Illuminate\\Database\\Connection->getPdoForSelect()
#9 D:\\my-code\\kehu-web\\shop_mall\\backend\\vendor\\illuminate\\database\\Connection.php(705): Illuminate\\Database\\Connection->Illuminate\\Database\\{closure}()
#10 D:\\my-code\\kehu-web\\shop_mall\\backend\\vendor\\illuminate\\database\\Connection.php(672): Illuminate\\Database\\Connection->runQueryCallback()
#11 D:\\my-code\\kehu-web\\shop_mall\\backend\\vendor\\illuminate\\database\\Connection.php(359): Illuminate\\Database\\Connection->run()
#12 D:\\my-code\\kehu-web\\shop_mall\\backend\\vendor\\illuminate\\database\\Query\\Builder.php(2413): Illuminate\\Database\\Connection->select()
#13 D:\\my-code\\kehu-web\\shop_mall\\backend\\vendor\\illuminate\\database\\Query\\Builder.php(2402): Illuminate\\Database\\Query\\Builder->runSelect()
#14 D:\\my-code\\kehu-web\\shop_mall\\backend\\vendor\\illuminate\\database\\Query\\Builder.php(2936): Illuminate\\Database\\Query\\Builder->Illuminate\\Database\\Query\\{closure}()
#15 D:\\my-code\\kehu-web\\shop_mall\\backend\\vendor\\illuminate\\database\\Query\\Builder.php(2401): Illuminate\\Database\\Query\\Builder->onceWithColumns()
#16 D:\\my-code\\kehu-web\\shop_mall\\backend\\vendor\\illuminate\\database\\Eloquent\\Builder.php(625): Illuminate\\Database\\Query\\Builder->get()
#17 D:\\my-code\\kehu-web\\shop_mall\\backend\\vendor\\illuminate\\database\\Eloquent\\Builder.php(609): Illuminate\\Database\\Eloquent\\Builder->getModels()
#18 D:\\my-code\\kehu-web\\shop_mall\\backend\\vendor\\illuminate\\database\\Concerns\\BuildsQueries.php(294): Illuminate\\Database\\Eloquent\\Builder->get()
#19 D:\\my-code\\kehu-web\\shop_mall\\backend\\vendor\\illuminate\\auth\\EloquentUserProvider.php(53): Illuminate\\Database\\Eloquent\\Builder->first()
#20 D:\\my-code\\kehu-web\\shop_mall\\backend\\vendor\\tymon\\jwt-auth\\src\\JWTGuard.php(81): Illuminate\\Auth\\EloquentUserProvider->retrieveById()
#21 D:\\my-code\\kehu-web\\shop_mall\\backend\\vendor\\illuminate\\auth\\GuardHelpers.php(60): Tymon\\JWTAuth\\JWTGuard->user()
#22 D:\\my-code\\kehu-web\\shop_mall\\backend\\vendor\\illuminate\\auth\\GuardHelpers.php(70): Tymon\\JWTAuth\\JWTGuard->check()
#23 D:\\my-code\\kehu-web\\shop_mall\\backend\\app\\Http\\Middleware\\AdminAuthenticate.php(19): Tymon\\JWTAuth\\JWTGuard->guest()
#24 D:\\my-code\\kehu-web\\shop_mall\\backend\\vendor\\illuminate\\pipeline\\Pipeline.php(167): App\\Http\\Middleware\\AdminAuthenticate->handle()
#25 D:\\my-code\\kehu-web\\shop_mall\\backend\\vendor\\laravel\\lumen-framework\\src\\Routing\\Pipeline.php(30): Illuminate\\Pipeline\\Pipeline->Illuminate\\Pipeline\\{closure}()
#26 D:\\my-code\\kehu-web\\shop_mall\\backend\\vendor\\illuminate\\pipeline\\Pipeline.php(103): Laravel\\Lumen\\Routing\\Pipeline->Laravel\\Lumen\\Routing\\{closure}()
#27 D:\\my-code\\kehu-web\\shop_mall\\backend\\vendor\\laravel\\lumen-framework\\src\\Concerns\\RoutesRequests.php(426): Illuminate\\Pipeline\\Pipeline->then()
#28 D:\\my-code\\kehu-web\\shop_mall\\backend\\vendor\\laravel\\lumen-framework\\src\\Concerns\\RoutesRequests.php(261): Laravel\\Lumen\\Application->sendThroughPipeline()
#29 D:\\my-code\\kehu-web\\shop_mall\\backend\\vendor\\laravel\\lumen-framework\\src\\Concerns\\RoutesRequests.php(169): Laravel\\Lumen\\Application->handleFoundRoute()
#30 D:\\my-code\\kehu-web\\shop_mall\\backend\\vendor\\laravel\\lumen-framework\\src\\Routing\\Pipeline.php(48): Laravel\\Lumen\\Application->Laravel\\Lumen\\Concerns\\{closure}()
#31 D:\\my-code\\kehu-web\\shop_mall\\backend\\app\\Http\\Middleware\\CorsMiddleware.php(30): Laravel\\Lumen\\Routing\\Pipeline->Laravel\\Lumen\\Routing\\{closure}()
#32 D:\\my-code\\kehu-web\\shop_mall\\backend\\vendor\\illuminate\\pipeline\\Pipeline.php(167): App\\Http\\Middleware\\CorsMiddleware->handle()
#33 D:\\my-code\\kehu-web\\shop_mall\\backend\\vendor\\laravel\\lumen-framework\\src\\Routing\\Pipeline.php(30): Illuminate\\Pipeline\\Pipeline->Illuminate\\Pipeline\\{closure}()
#34 D:\\my-code\\kehu-web\\shop_mall\\backend\\vendor\\illuminate\\pipeline\\Pipeline.php(103): Laravel\\Lumen\\Routing\\Pipeline->Laravel\\Lumen\\Routing\\{closure}()
#35 D:\\my-code\\kehu-web\\shop_mall\\backend\\vendor\\laravel\\lumen-framework\\src\\Concerns\\RoutesRequests.php(426): Illuminate\\Pipeline\\Pipeline->then()
#36 D:\\my-code\\kehu-web\\shop_mall\\backend\\vendor\\laravel\\lumen-framework\\src\\Concerns\\RoutesRequests.php(165): Laravel\\Lumen\\Application->sendThroughPipeline()
#37 D:\\my-code\\kehu-web\\shop_mall\\backend\\vendor\\laravel\\lumen-framework\\src\\Concerns\\RoutesRequests.php(112): Laravel\\Lumen\\Application->dispatch()
#38 D:\\my-code\\kehu-web\\shop_mall\\backend\\public\\index.php(17): Laravel\\Lumen\\Application->run()
#39 {main}
"} 
[2026-01-15 16:58:37] production.INFO: Attempting to send welcome email {"user_id":12,"email":"765233482@qq.com"} 
[2026-01-15 16:58:37] production.ERROR: Postmark configuration missing  
[2026-01-15 16:58:37] production.INFO: Welcome email sent via HTML {"user_id":12,"email":"765233482@qq.com","subject":"Welcome to The Chilli Trail!","result":false} 
